receipt number,PD,notice date,days,month
LIN1990609892,2019-07-29,2020-01-23,178,20-Jan
LIN1990622666,2019-08-01,2020-01-24,176,20-Jan
LIN1990386070,2019-04-11,2020-01-24,288,20-Jan
LIN1990387153,2019-04-11,2020-01-24,288,20-Jan
LIN1990609332,2019-07-25,2020-01-24,183,20-Jan
LIN1990611517,2019-07-29,2020-01-27,182,20-Jan
LIN1990609888,2019-07-29,2020-01-27,182,20-Jan
LIN1990609371,2019-07-25,2020-01-27,186,20-Jan
LIN1990603487,2019-07-23,2020-01-27,188,20-Jan
LIN1990624229,2019-08-02,2020-01-27,178,20-Jan
LIN1990585056,2019-07-15,2020-01-27,196,20-Jan
LIN1990582324,2019-07-15,2020-01-27,196,20-Jan
LIN1990484536,2019-05-28,2020-01-27,244,20-Jan
LIN1990390081,2019-04-11,2020-01-27,291,20-Jan
LIN1990602447,2019-07-24,2020-01-27,187,20-Jan
LIN1990341828,2019-03-18,2020-01-27,315,20-Jan
LIN1990630499,2019-08-05,2020-01-28,176,20-Jan
LIN1990219949,2019-01-24,2020-01-28,369,20-Jan
LIN1990553272,2019-06-27,2020-01-28,215,20-Jan
LIN1990593263,2019-07-19,2020-01-29,194,20-Jan
LIN1990645653,2019-07-30,2020-01-29,183,20-Jan
LIN1990612303,2019-07-26,2020-01-29,187,20-Jan
LIN1990624155,2019-08-02,2020-01-29,180,20-Jan
LIN1990630500,2019-08-05,2020-01-29,177,20-Jan
LIN1990630812,2019-08-05,2020-01-29,177,20-Jan
LIN1990642558,2019-08-12,2020-01-29,170,20-Jan
LIN1990642559,2019-08-12,2020-01-29,170,20-Jan
LIN1990642560,2019-08-12,2020-01-29,170,20-Jan
LIN1990611766,2019-07-26,2020-01-29,187,20-Jan
LIN1990409722,2019-04-22,2020-01-29,282,20-Jan
LIN1990639524,2019-08-12,2020-01-30,171,20-Jan
LIN1990634285,2019-08-08,2020-01-30,175,20-Jan
LIN1990634286,2019-08-08,2020-01-30,175,20-Jan
LIN1990634288,2019-08-08,2020-01-30,175,20-Jan
LIN1990634289,2019-08-08,2020-01-30,175,20-Jan
LIN1990634291,2019-08-08,2020-01-30,175,20-Jan
LIN1990635462,2019-08-08,2020-01-30,175,20-Jan
LIN1990639521,2019-08-12,2020-01-30,171,20-Jan
LIN1990639522,2019-08-12,2020-01-30,171,20-Jan
LIN1990395709,2019-04-15,2020-01-30,290,20-Jan
LIN1990634133,2019-08-08,2020-01-30,175,20-Jan
LIN1990639562,2019-08-12,2020-01-30,171,20-Jan
LIN1990639607,2019-08-12,2020-01-30,171,20-Jan
LIN1990639921,2019-08-12,2020-01-30,171,20-Jan
LIN1990639922,2019-08-12,2020-01-30,171,20-Jan
LIN1990641160,2019-08-12,2020-01-30,171,20-Jan
LIN1990642556,2019-08-12,2020-01-30,171,20-Jan
LIN1990642561,2019-08-12,2020-01-30,171,20-Jan
LIN1990642563,2019-08-12,2020-01-30,171,20-Jan
LIN1990332764,2019-03-18,2020-01-30,318,20-Jan
LIN1990639589,2019-08-12,2020-01-30,171,20-Jan
LIN1990634132,2019-08-08,2020-01-30,175,20-Jan
LIN1990615997,2019-07-29,2020-01-31,186,20-Jan
LIN1990564376,2019-07-03,2020-01-31,212,20-Jan
LIN1990358666,2019-03-29,2020-01-31,308,20-Jan
LIN1990624232,2019-08-02,2020-01-31,182,20-Jan
LIN1990409619,2019-04-22,2020-01-31,284,20-Jan
LIN1990639555,2019-08-12,2020-02-03,175,20-Feb
LIN1990639554,2019-08-12,2020-02-03,175,20-Feb
LIN1990639523,2019-08-12,2020-02-03,175,20-Feb
LIN1990615610,2019-07-29,2020-02-03,189,20-Feb
LIN1990633243,2019-08-07,2020-02-03,180,20-Feb
LIN1990615196,2019-07-29,2020-02-03,189,20-Feb
LIN1990639096,2019-07-26,2020-02-03,192,20-Feb
LIN1990611519,2019-07-29,2020-02-03,189,20-Feb
LIN1990604119,2019-07-25,2020-02-04,194,20-Feb
LIN1990570609,2019-07-08,2020-02-04,211,20-Feb
LIN1990642562,2019-08-12,2020-02-04,176,20-Feb
LIN1990511937,2019-06-03,2020-02-04,246,20-Feb
LIN1990557339,2019-06-28,2020-02-04,221,20-Feb
LIN1890636147,2018-09-14,2020-02-04,508,20-Feb
LIN1990647177,2019-08-15,2020-02-05,174,20-Feb
LIN1990624182,2019-08-02,2020-02-05,187,20-Feb
LIN1990624176,2019-08-02,2020-02-05,187,20-Feb
LIN1990482918,2019-05-22,2020-02-05,259,20-Feb
LIN1990395725,2019-04-15,2020-02-05,296,20-Feb
LIN1990332114,2019-03-18,2020-02-05,324,20-Feb
LIN1990624122,2019-08-02,2020-02-05,187,20-Feb
LIN1990395708,2019-04-15,2020-02-06,297,20-Feb
LIN1990395726,2019-04-15,2020-02-06,297,20-Feb
LIN1990420717,2019-04-26,2020-02-06,286,20-Feb
LIN1990615000,2019-07-29,2020-02-06,192,20-Feb
LIN1990615383,2019-07-29,2020-02-06,192,20-Feb
LIN1990615489,2019-07-29,2020-02-06,192,20-Feb
LIN1990615951,2019-07-29,2020-02-06,192,20-Feb
LIN1990649150,2019-07-29,2020-02-07,193,20-Feb
LIN1990224961,2019-01-28,2020-02-20,388,20-Feb
LIN1990590311,2019-07-18,2020-02-20,217,20-Feb
LIN1990593236,2019-07-19,2020-02-20,216,20-Feb
LIN1990611518,2019-07-29,2020-02-20,206,20-Feb
LIN1990625470,2019-07-31,2020-02-20,204,20-Feb
LIN1990626748,2019-07-31,2020-02-20,204,20-Feb
LIN1990642470,2019-08-12,2020-02-20,192,20-Feb
LIN1990661299,2019-08-22,2020-02-20,182,20-Feb
LIN1990661410,2019-08-22,2020-02-20,182,20-Feb
LIN1990661412,2019-08-22,2020-02-20,182,20-Feb
LIN1990664537,2019-08-23,2020-02-21,182,20-Feb
LIN1990570610,2019-07-08,2020-02-21,228,20-Feb
LIN1990181972,2019-01-07,2020-02-24,413,20-Feb
LIN1990360782,2019-04-01,2020-02-24,329,20-Feb
LIN1990409721,2019-04-22,2020-02-24,308,20-Feb
LIN1990529416,2019-06-17,2020-02-24,252,20-Feb
LIN1990597331,2019-07-22,2020-02-24,217,20-Feb
LIN1990634224,2019-08-08,2020-02-24,200,20-Feb
LIN1990639588,2019-08-12,2020-02-24,196,20-Feb
LIN1990661349,2019-08-22,2020-02-24,186,20-Feb
LIN1990661298,2019-08-22,2020-02-25,187,20-Feb
LIN1990661408,2019-08-22,2020-02-25,187,20-Feb
LIN1990630806,2019-08-05,2020-02-25,204,20-Feb
LIN1990630805,2019-08-05,2020-02-25,204,20-Feb
LIN1990480234,2019-05-24,2020-02-25,277,20-Feb
LIN1990360789,2019-04-01,2020-02-25,330,20-Feb
LIN1990662799,2019-08-23,2020-02-26,187,20-Feb
LIN1990662802,2019-08-23,2020-02-26,187,20-Feb
LIN1990662825,2019-08-23,2020-02-26,187,20-Feb
LIN1990662826,2019-08-23,2020-02-26,187,20-Feb
LIN1990662834,2019-08-23,2020-02-26,187,20-Feb
LIN1990662845,2019-08-23,2020-02-26,187,20-Feb
LIN1990662910,2019-08-23,2020-02-26,187,20-Feb
LIN1990662911,2019-08-23,2020-02-26,187,20-Feb
LIN1990662912,2019-08-23,2020-02-26,187,20-Feb
LIN1990663210,2019-08-23,2020-02-26,187,20-Feb
LIN1990634134,2019-08-08,2020-02-26,202,20-Feb
LIN1990624153,2019-08-02,2020-02-26,208,20-Feb
LIN1990612172,2019-07-26,2020-02-26,215,20-Feb
LIN1990611638,2019-07-26,2020-02-26,215,20-Feb
LIN1990597208,2019-07-22,2020-02-26,219,20-Feb
LIN1990403312,2019-04-18,2020-02-26,314,20-Feb
LIN1990355368,2019-03-28,2020-02-26,335,20-Feb
LIN1890499761,2018-06-28,2020-02-26,608,20-Feb
LIN1990661295,2019-08-22,2020-02-26,188,20-Feb
LIN1990657927,2019-08-20,2020-02-26,190,20-Feb
LIN1990662846,2019-08-23,2020-02-27,188,20-Feb
LIN1990662908,2019-08-23,2020-02-27,188,20-Feb
LIN1990663211,2019-08-23,2020-02-27,188,20-Feb
LIN1990663311,2019-08-23,2020-02-27,188,20-Feb
LIN1990663798,2019-08-23,2020-02-27,188,20-Feb
LIN1990663799,2019-08-23,2020-02-27,188,20-Feb
LIN1990672390,2019-08-28,2020-02-27,183,20-Feb
LIN1990672396,2019-08-28,2020-02-27,183,20-Feb
LIN1990672397,2019-08-28,2020-02-27,183,20-Feb
LIN1990660281,2019-07-31,2020-02-27,211,20-Feb
LIN1990672403,2019-08-29,2020-02-28,183,20-Feb
LIN1990675202,2019-08-30,2020-02-28,182,20-Feb
LIN1990675170,2019-08-30,2020-02-28,182,20-Feb
LIN1990672455,2019-08-29,2020-02-28,183,20-Feb
LIN1990672454,2019-08-29,2020-02-28,183,20-Feb
LIN1990615947,2019-07-29,2020-02-28,214,20-Feb
LIN1990661249,2019-08-22,2020-02-28,190,20-Feb
LIN1990403378,2019-04-18,2020-02-28,316,20-Feb
LIN1990403311,2019-04-18,2020-02-28,316,20-Feb
LIN1990663797,2019-08-23,2020-02-28,189,20-Feb
LIN1990672958,2019-08-29,2020-03-02,186,20-Mar
LIN1990393127,2019-04-15,2020-03-02,322,20-Mar
LIN1990646062,2019-08-14,2020-03-02,201,20-Mar
LIN1990646956,2019-07-30,2020-03-02,216,20-Mar
LIN2090013987,2019-10-02,2020-03-02,152,20-Mar
LIN2090013863,2019-10-03,2020-03-03,152,20-Mar
LIN2090019422,2019-10-08,2020-03-04,148,20-Mar
LIN2090018071,2019-10-07,2020-03-04,149,20-Mar
LIN2090018067,2019-10-07,2020-03-04,149,20-Mar
LIN1990675172,2019-08-30,2020-03-04,187,20-Mar
LIN1990674976,2019-08-30,2020-03-04,187,20-Mar
LIN1990649825,2019-08-16,2020-03-04,201,20-Mar
LIN1990649817,2019-08-16,2020-03-04,201,20-Mar
LIN1990624183,2019-08-02,2020-03-04,215,20-Mar
LIN1990661296,2019-08-22,2020-03-05,196,20-Mar
LIN1990710879,2019-09-19,2020-03-24,187,20-Mar
LIN2090005242,2019-09-29,2020-03-24,177,20-Mar
LIN1990706127,2019-09-17,2020-03-24,189,20-Mar
LIN1990661267,2019-08-21,2020-03-24,216,20-Mar
LIN1990718382,2019-09-23,2020-03-24,183,20-Mar
LIN1990690079,2019-09-08,2020-03-24,198,20-Mar
LIN2090019419,2019-10-07,2020-03-24,169,20-Mar
LIN1990698120,2019-09-12,2020-03-24,194,20-Mar
LIN1990360854,2019-03-31,2020-03-24,359,20-Mar
LIN1990690109,2019-09-08,2020-03-24,198,20-Mar
LIN1990444535,2019-05-07,2020-03-24,322,20-Mar
LIN1990698054,2019-09-12,2020-03-25,195,20-Mar
LIN1990714786,2019-09-22,2020-03-25,185,20-Mar
LIN2090014190,2019-10-03,2020-03-25,174,20-Mar
LIN1990714875,2019-09-22,2020-03-25,185,20-Mar
LIN1990714899,2019-09-22,2020-03-25,185,20-Mar
LIN2090012569,2019-10-03,2020-03-25,174,20-Mar
LIN1990721845,2019-09-25,2020-03-25,182,20-Mar
LIN2090014192,2019-10-03,2020-03-25,174,20-Mar
LIN2090012520,2019-10-03,2020-03-25,174,20-Mar
LIN1990721844,2019-09-25,2020-03-25,182,20-Mar
LIN1990720853,2019-09-25,2020-03-25,182,20-Mar
LIN1990450744,2019-05-09,2020-03-25,321,20-Mar
LIN2090014189,2019-10-03,2020-03-25,174,20-Mar
LIN1990720854,2019-09-25,2020-03-25,182,20-Mar
LIN1990698122,2019-09-12,2020-03-25,195,20-Mar
LIN1990698123,2019-09-12,2020-03-25,195,20-Mar
LIN1990714787,2019-09-22,2020-03-25,185,20-Mar
LIN1990720855,2019-09-25,2020-03-25,182,20-Mar
LIN1990712275,2019-09-22,2020-03-25,185,20-Mar
LIN1990639617,2019-08-11,2020-03-25,227,20-Mar
LIN1990712274,2019-09-22,2020-03-25,185,20-Mar
LIN1990714788,2019-09-22,2020-03-25,185,20-Mar
LIN2090024428,2019-10-10,2020-03-26,168,20-Mar
LIN2090024480,2019-10-10,2020-03-26,168,20-Mar
LIN2090005244,2019-09-29,2020-03-26,179,20-Mar
LIN1990707399,2019-09-17,2020-03-26,191,20-Mar
LIN2090005320,2019-09-29,2020-03-26,179,20-Mar
LIN1990706172,2019-09-17,2020-03-26,191,20-Mar
LIN1990695403,2019-09-11,2020-03-26,197,20-Mar
LIN2090003839,2019-09-29,2020-03-26,179,20-Mar
LIN2090014191,2019-10-03,2020-03-26,175,20-Mar
LIN2090003927,2019-09-29,2020-03-26,179,20-Mar
LIN1990360855,2019-03-31,2020-03-26,361,20-Mar
LIN2090022306,2019-10-09,2020-03-26,169,20-Mar
LIN2090014059,2019-10-03,2020-03-27,176,20-Mar
LIN1990712167,2019-09-22,2020-03-29,189,20-Mar
LIN2090016936,2019-10-06,2020-03-29,175,20-Mar
LIN2090014057,2019-10-03,2020-03-29,178,20-Mar
LIN2090012523,2019-10-03,2020-03-29,178,20-Mar
LIN1990707548,2019-09-18,2020-03-29,193,20-Mar
LIN1990678512,2019-09-02,2020-03-29,209,20-Mar
LIN2090017021,2019-10-06,2020-03-29,175,20-Mar
LIN1990677609,2019-09-02,2020-03-29,209,20-Mar
LIN1990707549,2019-09-18,2020-03-29,193,20-Mar
LIN2090012521,2019-10-03,2020-03-29,178,20-Mar
LIN1990707441,2019-09-17,2020-03-29,194,20-Mar
LIN1990707398,2019-09-17,2020-03-29,194,20-Mar
LIN2090005318,2019-09-29,2020-03-29,182,20-Mar
LIN1990710250,2019-09-19,2020-03-30,193,20-Mar
LIN2090005234,2019-09-29,2020-03-30,183,20-Mar
LIN2090044568,2019-10-22,2020-03-30,160,20-Mar
LIN2090037264,2019-10-17,2020-03-30,165,20-Mar
LIN2090035461,2019-10-16,2020-03-30,166,20-Mar
LIN2090020567,2019-10-08,2020-03-30,174,20-Mar
LIN2090035212,2019-10-16,2020-03-30,166,20-Mar
LIN2090043899,2019-10-21,2020-03-30,161,20-Mar
LIN2090037113,2019-10-17,2020-03-30,165,20-Mar
LIN2090044565,2019-10-22,2020-03-30,160,20-Mar
LIN2090035211,2019-10-16,2020-03-30,166,20-Mar
LIN1990695528,2019-09-11,2020-03-30,201,20-Mar
LIN2090035209,2019-10-16,2020-03-30,166,20-Mar
LIN2090034314,2019-10-15,2020-03-30,167,20-Mar
LIN2090035497,2019-10-16,2020-03-30,166,20-Mar
LIN2090005314,2019-09-29,2020-03-30,183,20-Mar
LIN2090036864,2019-10-17,2020-03-30,165,20-Mar
LIN2090022308,2019-10-09,2020-03-30,173,20-Mar
LIN2090044566,2019-10-22,2020-03-30,160,20-Mar
LIN1990721946,2019-09-25,2020-03-30,187,20-Mar
LIN2090037265,2019-10-17,2020-03-30,165,20-Mar
LIN2090022506,2019-10-09,2020-03-30,173,20-Mar
LIN2090035210,2019-10-16,2020-03-30,166,20-Mar
LIN2090039124,2019-10-20,2020-03-30,162,20-Mar
LIN2090048775,2019-10-23,2020-03-31,160,20-Mar
LIN1990714874,2019-09-22,2020-03-31,191,20-Mar
LIN1990466777,2019-05-19,2020-03-31,317,20-Mar
LIN2090039175,2019-10-20,2020-03-31,163,20-Mar
LIN2090030319,2019-10-14,2020-03-31,169,20-Mar
LIN2090030317,2019-10-14,2020-03-31,169,20-Mar
LIN2090045332,2019-10-22,2020-03-31,161,20-Mar
LIN2090024559,2019-10-10,2020-03-31,173,20-Mar
LIN2090030315,2019-10-14,2020-03-31,169,20-Mar
LIN1990450679,2019-05-09,2020-03-31,327,20-Mar
LIN1990702803,2019-09-15,2020-04-02,200,20-Apr
LIN1990697600,2019-09-12,2020-04-02,203,20-Apr
LIN1990710251,2019-09-19,2020-04-02,196,20-Apr
LIN1990702751,2019-09-15,2020-04-02,200,20-Apr
LIN2090058087,2019-10-30,2020-04-02,155,20-Apr
LIN2090014060,2019-10-03,2020-04-05,185,20-Apr
LIN1990718381,2019-09-23,2020-04-05,195,20-Apr
LIN2090009683,2019-10-01,2020-04-05,187,20-Apr
LIN2090048007,2019-10-23,2020-04-05,165,20-Apr
LIN2090057506,2019-10-29,2020-04-05,159,20-Apr
LIN1990717981,2019-09-23,2020-04-05,195,20-Apr
LIN2090048776,2019-10-23,2020-04-05,165,20-Apr
LIN2090057507,2019-10-29,2020-04-05,159,20-Apr
LIN2090056115,2019-10-27,2020-04-05,161,20-Apr
LIN1990706133,2019-09-17,2020-04-05,201,20-Apr
LIN2090039071,2019-10-20,2020-04-05,168,20-Apr
LIN2090048754,2019-10-23,2020-04-05,165,20-Apr
LIN2090048714,2019-10-23,2020-04-05,165,20-Apr
LIN1990661250,2019-08-21,2020-04-05,228,20-Apr
LIN1990718383,2019-09-23,2020-04-05,195,20-Apr
LIN1990718361,2019-09-23,2020-04-05,195,20-Apr
LIN2090057766,2019-10-30,2020-04-05,158,20-Apr
LIN2090048758,2019-10-23,2020-04-05,165,20-Apr
LIN1990710249,2019-09-19,2020-04-05,199,20-Apr
LIN1990340714,2019-03-20,2020-04-05,382,20-Apr
LIN1990712168,2019-09-22,2020-04-05,196,20-Apr
LIN1990672394,2019-08-27,2020-04-05,222,20-Apr
LIN1990718385,2019-09-23,2020-04-05,195,20-Apr
LIN2090036867,2019-10-17,2020-04-05,171,20-Apr
LIN1990714917,2019-09-22,2020-04-05,196,20-Apr
LIN2090028054,2019-10-13,2020-04-05,175,20-Apr
LIN2090057606,2019-10-30,2020-04-05,158,20-Apr
LIN1990682220,2019-09-03,2020-04-05,215,20-Apr
LIN1990690092,2019-09-08,2020-04-05,210,20-Apr
LIN1990690112,2019-09-08,2020-04-05,210,20-Apr
LIN2090053799,2019-10-27,2020-04-06,162,20-Apr
LIN2090005245,2019-09-29,2020-04-06,190,20-Apr
LIN1990702750,2019-09-15,2020-04-06,204,20-Apr
LIN2090063329,2019-11-03,2020-04-08,157,20-Apr
LIN2090070720,2019-11-07,2020-04-08,153,20-Apr
LIN2090072844,2019-11-11,2020-04-08,149,20-Apr
LIN2090020526,2019-10-08,2020-04-08,183,20-Apr
LIN2090021187,2019-10-08,2020-04-08,183,20-Apr
LIN2090063445,2019-11-03,2020-04-08,157,20-Apr
LIN2090069480,2019-11-06,2020-04-08,154,20-Apr
LIN2090020525,2019-10-08,2020-04-08,183,20-Apr
LIN2090063328,2019-11-03,2020-04-08,157,20-Apr
LIN2090056653,2019-10-29,2020-04-08,162,20-Apr
LIN1990675171,2019-08-29,2020-04-08,223,20-Apr
LIN2090072732,2019-11-11,2020-04-08,149,20-Apr
LIN2090063072,2019-11-03,2020-04-08,157,20-Apr
LIN2090020535,2019-10-08,2020-04-08,183,20-Apr
LIN2090069479,2019-11-06,2020-04-08,154,20-Apr
LIN1990550930,2019-06-25,2020-04-08,288,20-Apr
LIN2090070719,2019-11-07,2020-04-08,153,20-Apr
LIN2090022304,2019-10-09,2020-04-08,182,20-Apr
LIN2090024479,2019-10-10,2020-04-09,182,20-Apr
LIN2090024479,2019-10-11,2020-04-10,182,20-Apr
LIN2090092289,2019-11-21,2020-04-15,146,20-Apr
LIN2090005315,2019-09-30,2020-04-15,198,20-Apr
LIN2090057505,2019-10-30,2020-04-15,168,20-Apr
LIN2090056622,2019-10-30,2020-04-15,168,20-Apr
LIN1990626728,2019-07-31,2020-04-15,259,20-Apr
LIN2090057601,2019-10-31,2020-04-15,167,20-Apr
LIN2090081886,2019-11-14,2020-04-15,153,20-Apr
LIN2090092230,2019-11-21,2020-04-15,146,20-Apr
LIN2090092231,2019-11-21,2020-04-15,146,20-Apr
LIN2090092286,2019-11-21,2020-04-15,146,20-Apr
LIN2090057599,2019-10-31,2020-04-15,167,20-Apr
LIN2090101590,2019-11-29,2020-04-15,138,20-Apr
LIN2090103146,2019-11-29,2020-04-16,139,20-Apr
LIN2090083355,2019-11-15,2020-04-16,153,20-Apr
LIN2090016956,2019-10-07,2020-04-16,192,20-Apr
LIN2090020564,2019-10-09,2020-04-16,190,20-Apr
LIN2090073548,2019-11-12,2020-04-16,156,20-Apr
LIN2090028005,2019-10-14,2020-04-16,185,20-Apr
LIN1990714500,2019-09-23,2020-04-16,206,20-Apr
LIN2090103142,2019-11-29,2020-04-16,139,20-Apr
LIN2090012522,2019-10-04,2020-04-16,195,20-Apr
LIN2090039068,2019-10-21,2020-04-16,178,20-Apr
LIN2090103215,2019-11-29,2020-04-16,139,20-Apr
LIN1990582091,2019-07-15,2020-04-16,276,20-Apr
LIN1990576346,2019-07-11,2020-04-16,280,20-Apr
LIN2090092288,2019-11-21,2020-04-16,147,20-Apr
LIN2090090628,2019-11-21,2020-04-16,147,20-Apr
LIN2090092232,2019-11-21,2020-04-16,147,20-Apr
LIN2090092285,2019-11-21,2020-04-16,147,20-Apr
LIN2090045319,2019-10-23,2020-04-16,176,20-Apr
LIN2090067581,2019-11-06,2020-04-17,163,20-Apr
LIN2090039123,2019-10-21,2020-04-17,179,20-Apr
LIN2090045328,2019-10-23,2020-04-17,177,20-Apr
LIN2090087388,2019-11-19,2020-04-17,150,20-Apr
LIN2090089477,2019-11-20,2020-04-17,149,20-Apr
LIN2090087311,2019-11-19,2020-04-17,150,20-Apr
LIN2090083356,2019-11-15,2020-04-17,154,20-Apr
LIN2090053774,2019-10-28,2020-04-20,175,20-Apr
LIN2090038117,2019-10-18,2020-04-20,185,20-Apr
LIN2090036549,2019-10-18,2020-04-20,185,20-Apr
LIN2090103216,2019-11-29,2020-04-20,143,20-Apr
LIN2090101588,2019-11-29,2020-04-20,143,20-Apr
LIN2090092233,2019-11-21,2020-04-20,151,20-Apr
LIN2090067231,2019-11-06,2020-04-20,166,20-Apr
LIN2090069458,2019-11-07,2020-04-20,165,20-Apr
LIN2090076938,2019-11-12,2020-04-20,160,20-Apr
LIN1990644699,2019-08-13,2020-04-21,252,20-Apr
LIN2090009680,2019-10-02,2020-04-21,202,20-Apr
LIN2090024481,2019-10-11,2020-04-21,193,20-Apr
LIN2090208470,2020-02-10,2020-04-21,71,20-Apr
LIN2090103214,2019-11-29,2020-04-21,144,20-Apr
LIN2090103144,2019-11-29,2020-04-21,144,20-Apr
LIN2090035462,2019-10-17,2020-04-21,187,20-Apr
LIN1990596134,2019-07-22,2020-04-21,274,20-Apr
LIN2090067229,2019-11-06,2020-04-21,167,20-Apr
LIN2090103143,2019-11-29,2020-04-21,144,20-Apr
LIN1990564452,2019-07-03,2020-04-22,294,20-Apr
LIN2090087309,2019-11-19,2020-04-22,155,20-Apr
LIN2090087387,2019-11-19,2020-04-22,155,20-Apr
LIN1990702804,2019-09-16,2020-04-22,219,20-Apr
LIN2090078738,2019-11-12,2020-04-22,162,20-Apr
LIN2090078513,2019-11-12,2020-04-22,162,20-Apr
LIN2090067582,2019-11-06,2020-04-22,168,20-Apr
LIN2090027820,2019-10-14,2020-04-22,191,20-Apr
LIN1990702802,2019-09-16,2020-04-22,219,20-Apr
LIN1990698055,2019-09-13,2020-04-22,222,20-Apr
LIN2090063280,2019-11-04,2020-04-22,170,20-Apr
LIN2090039145,2019-10-21,2020-04-22,184,20-Apr
LIN2090039127,2019-10-21,2020-04-22,184,20-Apr
LIN1990702800,2019-09-16,2020-04-22,219,20-Apr
LIN1990630859,2019-08-05,2020-04-23,262,20-Apr
LIN1990642265,2019-07-29,2020-04-23,269,20-Apr
LIN2090095686,2019-11-25,2020-04-23,150,20-Apr
LIN2090094716,2019-11-25,2020-04-23,150,20-Apr
LIN2090094715,2019-11-25,2020-04-23,150,20-Apr
LIN2090050313,2019-10-25,2020-04-23,181,20-Apr
LIN2090081972,2019-11-14,2020-04-23,161,20-Apr
LIN2090050314,2019-10-25,2020-04-23,181,20-Apr
LIN2090087588,2019-11-19,2020-04-23,156,20-Apr
LIN2090049957,2019-10-25,2020-04-24,182,20-Apr
LIN2090049953,2019-10-25,2020-04-24,182,20-Apr
LIN2090027999,2019-10-14,2020-04-24,193,20-Apr
LIN2090026932,2019-10-14,2020-04-24,193,20-Apr
LIN2090050209,2019-10-25,2020-04-24,182,20-Apr
LIN2090053772,2019-10-28,2020-04-24,179,20-Apr
LIN2090053773,2019-10-28,2020-04-24,179,20-Apr
LIN2090054217,2019-10-25,2020-04-27,185,20-Apr
LIN2090073619,2019-11-12,2020-04-27,167,20-Apr
LIN2090049962,2019-10-25,2020-04-27,185,20-Apr
LIN1990602386,2019-07-24,2020-04-27,278,20-Apr
LIN2090087390,2019-11-19,2020-04-27,160,20-Apr
LIN1990597207,2019-07-22,2020-04-27,280,20-Apr
LIN2090049954,2019-10-25,2020-04-28,186,20-Apr
LIN2090087587,2019-11-19,2020-04-28,161,20-Apr
LIN2090125168,2019-12-16,2020-05-18,154,20-May
LIN2090125169,2019-12-16,2020-05-18,154,20-May
LIN2090087254,2019-11-19,2020-05-18,181,20-May
LIN2090134376,2019-12-20,2020-05-19,151,20-May
LIN2090134292,2019-12-20,2020-05-19,151,20-May
LIN2090125139,2019-12-16,2020-05-19,155,20-May
LIN2090136310,2019-12-23,2020-05-19,148,20-May
LIN2090136306,2019-12-23,2020-05-19,148,20-May
LIN1990615379,2019-07-29,2020-05-19,295,20-May
LIN2090134290,2019-12-20,2020-05-20,152,20-May
LIN2090134293,2019-12-20,2020-05-20,152,20-May
LIN2090148132,2019-12-31,2020-05-20,141,20-May
LIN2090124715,2019-12-16,2020-05-20,156,20-May
LIN2090148131,2019-12-31,2020-05-20,141,20-May
LIN1990615893,2019-07-29,2020-05-20,296,20-May
LIN1990647176,2019-08-15,2020-05-20,279,20-May
LIN2090140913,2019-12-26,2020-05-20,146,20-May
LIN2090136304,2019-12-23,2020-05-20,149,20-May
LIN2090140912,2019-12-26,2020-05-20,146,20-May
LIN2090005316,2019-09-30,2020-05-21,234,20-May
LIN1990616146,2019-07-29,2020-05-21,297,20-May
LIN2090146008,2019-12-30,2020-05-21,143,20-May
LIN2090133093,2019-12-20,2020-05-21,153,20-May
LIN2090136655,2019-12-23,2020-05-21,150,20-May
LIN2090148133,2019-12-31,2020-05-21,142,20-May
LIN2090140910,2019-12-26,2020-05-22,148,20-May
LIN2090119571,2019-12-12,2020-05-23,163,20-May
LIN2090119566,2019-12-12,2020-05-23,163,20-May
LIN2090134375,2019-12-20,2020-05-26,158,20-May
LIN1990588028,2019-07-17,2020-05-26,314,20-May
LIN2090125170,2019-12-16,2020-05-26,162,20-May
LIN2090122363,2019-12-13,2020-05-26,165,20-May
LIN2090122321,2019-12-13,2020-05-26,165,20-May
LIN2090123747,2019-12-13,2020-05-26,165,20-May
LIN2090122492,2019-12-13,2020-05-26,165,20-May
LIN2090134189,2019-12-20,2020-05-26,158,20-May
LIN2090122312,2019-12-13,2020-05-26,165,20-May
LIN2090151351,2020-01-03,2020-05-26,144,20-May
LIN2090151664,2020-01-03,2020-05-26,144,20-May
LIN2090158692,2020-01-09,2020-05-26,138,20-May
LIN2090158684,2020-01-09,2020-05-26,138,20-May
LIN2090151358,2020-01-03,2020-05-26,144,20-May
LIN2090158693,2020-01-09,2020-05-26,138,20-May
LIN2090151668,2020-01-03,2020-05-27,145,20-May
LIN2090063943,2019-11-04,2020-05-27,205,20-May
LIN2090158688,2020-01-09,2020-05-27,139,20-May
LIN2090157555,2020-01-08,2020-05-27,140,20-May
LIN2090152033,2020-01-03,2020-05-27,145,20-May
LIN2090067579,2019-11-06,2020-05-27,203,20-May
LIN2090151365,2020-01-03,2020-05-27,145,20-May
LIN2090151357,2020-01-03,2020-05-27,145,20-May
LIN1990593308,2019-07-19,2020-05-27,313,20-May
LIN2090131075,2019-12-19,2020-05-27,160,20-May
LIN2090151367,2020-01-03,2020-05-27,145,20-May
LIN2090134275,2019-12-20,2020-05-27,159,20-May
LIN2090151359,2020-01-03,2020-05-27,145,20-May
LIN2090151368,2020-01-03,2020-05-27,145,20-May
LIN2090151361,2020-01-03,2020-05-27,145,20-May
LIN2090063634,2019-11-04,2020-05-27,205,20-May
LIN2090158689,2020-01-09,2020-05-28,140,20-May
LIN1990634222,2019-08-08,2020-05-28,294,20-May
LIN2090158687,2020-01-09,2020-05-28,140,20-May
LIN2090158691,2020-01-09,2020-05-28,140,20-May
LIN2090154267,2020-01-06,2020-05-28,143,20-May
LIN2090157556,2020-01-08,2020-05-28,141,20-May
LIN2090157150,2020-01-08,2020-05-28,141,20-May
LIN2090136112,2019-12-23,2020-05-28,157,20-May
LIN2090154402,2020-01-06,2020-05-28,143,20-May
LIN2090154400,2020-01-06,2020-05-28,143,20-May
LIN2090154535,2020-01-06,2020-05-28,143,20-May
LIN2090131054,2019-12-19,2020-05-28,161,20-May
LIN2090134188,2019-12-20,2020-05-28,160,20-May
LIN2090158685,2020-01-09,2020-05-28,140,20-May
LIN1990545352,2019-06-24,2020-05-28,339,20-May
lin1990615588,2019-07-29 00:00:00,2020-06-01 00:00:00,308,20-Jun
lin2090172932,2020-01-17 00:00:00,2020-06-01 00:00:00,136,20-Jun
lin2090137525,2020-01-06 00:00:00,2020-06-01 00:00:00,147,20-Jun
lin2090143608,2019-12-27 00:00:00,2020-06-02 00:00:00,158,20-Jun
lin2090143642,2019-12-27 00:00:00,2020-06-02 00:00:00,158,20-Jun
lin1990633177,2019-08-07 00:00:00,2020-06-03 00:00:00,301,20-Jun
lin1990633239,2019-08-07 00:00:00,2020-06-03 00:00:00,301,20-Jun
lin2090163589,2020-01-13 00:00:00,2020-06-03 00:00:00,142,20-Jun
lin2090163741,2020-01-13 00:00:00,2020-06-03 00:00:00,142,20-Jun
lin2090163541,2020-01-13 00:00:00,2020-06-03 00:00:00,142,20-Jun
lin2090171802,2020-01-17 00:00:00,2020-06-04 00:00:00,139,20-Jun
lin2090136113,2019-12-23 00:00:00,2020-06-02 00:00:00,162,20-Jun
lin2090136111,2019-12-23 00:00:00,2020-06-02 00:00:00,162,20-Jun
lin2090172934,2020-01-17 00:00:00,2020-06-02 00:00:00,137,20-Jun
lin2090157557,2020-01-08 00:00:00,2020-06-02 00:00:00,146,20-Jun
lin2090151362,2020-01-03 00:00:00,2020-06-02 00:00:00,151,20-Jun
lin2090136652,2019-12-23 00:00:00,2020-06-03 00:00:00,163,20-Jun
lin2090136654,2019-12-23 00:00:00,2020-06-03 00:00:00,163,20-Jun
lin2090158690,2020-01-09 00:00:00,2020-06-03 00:00:00,146,20-Jun
lin2090157596,2020-01-08 00:00:00,2020-06-03 00:00:00,147,20-Jun
lin2090151366,2020-01-03 00:00:00,2020-06-03 00:00:00,152,20-Jun
lin2090163591,2020-01-13 00:00:00,2020-06-03 00:00:00,142,20-Jun
lin2090154266,2020-01-06 00:00:00,2020-06-03 00:00:00,149,20-Jun
lin2090172929,2020-01-17 00:00:00,2020-06-03 00:00:00,138,20-Jun
lin2090154265,2020-01-06 00:00:00,2020-06-03 00:00:00,149,20-Jun
lin1990659196,2019-08-21 00:00:00,2020-06-03 00:00:00,287,20-Jun
lin2090171740,2020-01-17 00:00:00,2020-06-03 00:00:00,138,20-Jun
lin2090171876,2020-01-17 00:00:00,2020-06-04 00:00:00,139,20-Jun
lin2090173037,2020-01-17 00:00:00,2020-06-04 00:00:00,139,20-Jun
lin2090131053,2019-12-19 00:00:00,2020-06-04 00:00:00,168,20-Jun
lin2090171784,2020-01-17 00:00:00,2020-06-04 00:00:00,139,20-Jun
lin2090171786,2020-01-17 00:00:00,2020-06-04 00:00:00,139,20-Jun
lin2090154534,2020-01-06 00:00:00,2020-06-04 00:00:00,150,20-Jun
lin2090157593,2019-03-26 00:00:00,2020-06-04 00:00:00,436,20-Jun
lin2090157496,2020-01-08 00:00:00,2020-06-04 00:00:00,148,20-Jun
lin2090172285,2020-01-17 00:00:00,2020-06-04 00:00:00,139,20-Jun
lin2090136307,2019-12-23 00:00:00,2020-06-04 00:00:00,164,20-Jun
lin2090136308,2019-12-23 00:00:00,2020-06-04 00:00:00,164,20-Jun
lin2090173032,2020-01-17 00:00:00,2020-06-04 00:00:00,139,20-Jun
lin2090154403,2020-01-06 00:00:00,2020-06-04 00:00:00,150,20-Jun
lin2090157594,2020-01-08 00:00:00,2020-06-04 00:00:00,148,20-Jun
lin2090003893,2019-09-30 00:00:00,2020-06-05 00:00:00,249,20-Jun
lin1990480731,2019-05-24 00:00:00,2020-06-08 00:00:00,381,20-Jun
lin2090163844,2020-01-13 00:00:00,2020-06-05 00:00:00,144,20-Jun
lin2090134191,2019-12-20 00:00:00,2020-06-05 00:00:00,168,20-Jun
lin2090178885,2020-01-22 00:00:00,2020-06-06 00:00:00,136,20-Jun
lin2090178886,2020-01-22 00:00:00,2020-06-06 00:00:00,136,20-Jun
lin2090178765,2020-01-22 00:00:00,2020-06-06 00:00:00,136,20-Jun
lin2090181051,2020-01-22 00:00:00,2020-06-09 00:00:00,139,20-Jun
lin2090173033,2020-01-17 00:00:00,2020-06-09 00:00:00,144,20-Jun
lin2090163600,2020-01-13 00:00:00,2020-06-09 00:00:00,148,20-Jun
lin2090157595,2020-01-08 00:00:00,2020-06-09 00:00:00,153,20-Jun
lin1990662819,2019-08-23 00:00:00,2020-06-09 00:00:00,291,20-Jun
lin2090063637,2019-11-04 00:00:00,2020-06-09 00:00:00,218,20-Jun
lin2090154401,2020-01-06 00:00:00,2020-06-09 00:00:00,155,20-Jun
lin2090063531,2019-11-04 00:00:00,2020-06-09 00:00:00,218,20-Jun
lin1990582323,2019-07-15 00:00:00,2020-06-10 00:00:00,331,20-Jun
lin2090155617,2020-01-07 00:00:00,2020-06-11 00:00:00,156,20-Jun
lin2090178673,2020-01-22 00:00:00,2020-06-11 00:00:00,141,20-Jun
lin2090178675,2020-01-22 00:00:00,2020-06-11 00:00:00,141,20-Jun
lin2090178674,2020-01-22 00:00:00,2020-06-11 00:00:00,141,20-Jun
lin2090178705,2020-01-22 00:00:00,2020-06-11 00:00:00,141,20-Jun
lin2090125171,2019-12-16 00:00:00,2020-06-11 00:00:00,178,20-Jun
lin2090178767,2020-01-22 00:00:00,2020-06-11 00:00:00,141,20-Jun
lin2090144578,2019-12-30 00:00:00,2020-06-12 00:00:00,165,20-Jun
lin2090144581,2019-12-30 00:00:00,2020-06-12 00:00:00,165,20-Jun
lin1990545238,2019-06-24 00:00:00,2020-06-10 00:00:00,352,20-Jun
lin1990663214,2019-08-23 00:00:00,2020-06-10 00:00:00,292,20-Jun
lin2090178884,2020-01-22 00:00:00,2020-06-10 00:00:00,140,20-Jun
lin1990721834,2019-09-26 00:00:00,2020-06-10 00:00:00,258,20-Jun
lin2090178701,2020-01-22 00:00:00,2020-06-10 00:00:00,140,20-Jun
lin2090040047,2019-10-18 00:00:00,2020-06-11 00:00:00,237,20-Jun
lin2090163923,2020-01-13 00:00:00,2020-06-08 00:00:00,147,20-Jun
lin2090163737,2020-01-13 00:00:00,2020-06-08 00:00:00,147,20-Jun
lin2090171879,2020-01-17 00:00:00,2020-06-08 00:00:00,143,20-Jun
lin2090178703,2020-01-22 00:00:00,2020-06-08 00:00:00,138,20-Jun
lin2090178766,2020-01-22 00:00:00,2020-06-08 00:00:00,138,20-Jun
lin2090178670,2020-01-22 00:00:00,2020-06-08 00:00:00,138,20-Jun
lin2090158686,2020-01-09 00:00:00,2020-06-08 00:00:00,151,20-Jun
lin2090165073,2020-01-14 00:00:00,2020-06-08 00:00:00,146,20-Jun
lin2090165069,2020-01-14 00:00:00,2020-06-08 00:00:00,146,20-Jun
lin2090161478,2020-01-10 00:00:00,2020-06-16 00:00:00,158,20-Jun
lin1990646110,2019-08-14 00:00:00,2020-06-16 00:00:00,307,20-Jun
lin2090178672,2020-01-22 00:00:00,2020-06-16 00:00:00,146,20-Jun
lin2090217426,2020-02-14 00:00:00,2020-06-17 00:00:00,124,20-Jun
lin2090161479,2020-01-10 00:00:00,2020-06-17 00:00:00,159,20-Jun
lin2090163673,2020-01-13 00:00:00,2020-06-17 00:00:00,156,20-Jun
lin2090165846,2020-01-14 00:00:00,2020-06-15 00:00:00,153,20-Jun
lin2090164104,2020-01-13 00:00:00,2020-06-15 00:00:00,154,20-Jun
lin2090037263,2019-10-18 00:00:00,2020-06-17 00:00:00,243,20-Jun
lin1990649819,2019-08-16 00:00:00,2020-06-19 00:00:00,308,20-Jun
lin2090175375,2020-01-21 00:00:00,2020-06-12 00:00:00,143,20-Jun
lin2090175630,2020-01-21 00:00:00,2020-06-12 00:00:00,143,20-Jun
lin2090024478,2018-09-06 00:00:00,2020-06-18 00:00:00,651,20-Jun
lin2090151864,2020-01-03 00:00:00,2020-06-22 00:00:00,171,20-Jun
lin2090045318,2019-10-23 00:00:00,2020-06-22 00:00:00,243,20-Jun
lin2090009682,2019-10-02 00:00:00,2020-06-23 00:00:00,265,20-Jun
lin2096319582,2020-04-28 00:00:00,2020-06-23 00:00:00,56,20-Jun
lin2090169563,2020-01-16 00:00:00,2020-06-23 00:00:00,159,20-Jun
lin2090079334,2019-11-13 00:00:00,2020-06-24 00:00:00,224,20-Jun
lin2090182313,2020-01-24 00:00:00,2020-06-25 00:00:00,153,20-Jun
lin2001082162,2020-01-24 00:00:00,2020-06-25 00:00:00,153,20-Jun
lin1990662820,2019-08-23 00:00:00,2020-06-25 00:00:00,307,20-Jun
lin2166182344,2020-01-24 00:00:00,2020-06-25 00:00:00,153,20-Jun
lin2090065921,2019-11-05 00:00:00,2020-06-26 00:00:00,234,20-Jun
lin2090025886,2019-10-10 00:00:00,2020-06-29 00:00:00,263,20-Jun
lin2090155610,2020-01-07 00:00:00,2020-06-30 00:00:00,175,20-Jun
lin2090163843,2020-01-13 00:00:00,2020-06-30 00:00:00,169,20-Jun
lin2090163740,2020-01-13 00:00:00,2020-06-30 00:00:00,169,20-Jun
lin2090163919,2020-01-13 00:00:00,2020-06-30 00:00:00,169,20-Jun
lin1990634135,2019-08-08 00:00:00,2020-06-30 00:00:00,327,20-Jun
lin2090146009,2019-12-30 00:00:00,2020-06-30 00:00:00,183,20-Jun
lin2090146010,2019-12-30 00:00:00,2020-06-30 00:00:00,183,20-Jun
lin2090169504,2020-01-16 00:00:00,2020-07-01 00:00:00,167,20-Jul
lin2090163590,2020-01-13 00:00:00,2020-07-02 00:00:00,171,20-Jul
lin2090049974,2019-10-25 00:00:00,2020-07-10 00:00:00,259,20-Jul
lin2090184791,2020-01-27 00:00:00,2020-07-08 00:00:00,163,20-Jul
lin2090184847,2020-01-27 00:00:00,2020-07-09 00:00:00,164,20-Jul
lin2090184850,2020-01-27 00:00:00,2020-07-09 00:00:00,164,20-Jul
lin2090184848,2020-01-27 00:00:00,2020-07-09 00:00:00,164,20-Jul
lin2090178702,2020-01-22 00:00:00,2020-06-25 00:00:00,155,20-Jun
lin2090005243,2019-09-30 00:00:00,2020-07-13 00:00:00,287,20-Jul
lin2090175631,2020-01-21 00:00:00,2020-07-13 00:00:00,174,20-Jul
lin2090092297,2019-11-21 00:00:00,2020-07-13 00:00:00,235,20-Jul
lin1990710878,2019-09-22 00:00:00,2020-07-13 00:00:00,295,20-Jul
lin2090178768,2020-01-22 00:00:00,2020-07-13 00:00:00,173,20-Jul
lin2090184798,2020-01-27 00:00:00,2020-07-14 00:00:00,169,20-Jul
lin2090091126,2019-11-20 00:00:00,2020-07-14 00:00:00,237,20-Jul
lin1990682221,2019-09-04 00:00:00,2020-07-15 00:00:00,315,20-Jul
lin1990682219,2019-09-04 00:00:00,2020-07-15 00:00:00,315,20-Jul
lin1890651922,2018-09-21 00:00:00,2020-07-16 00:00:00,664,20-Jul
lin2090187924,2020-01-18 00:00:00,2020-07-16 00:00:00,180,20-Jul
lin2090136309,2019-12-23 00:00:00,2020-07-16 00:00:00,206,20-Jul
lin2090187702,2020-01-28 00:00:00,2020-07-16 00:00:00,170,20-Jul
lin2090136305,2019-12-23 00:00:00,2020-07-16 00:00:00,206,20-Jul
lin2090187926,2020-01-28 00:00:00,2020-07-16 00:00:00,170,20-Jul
lin2090187706,2020-01-28 00:00:00,2020-07-16 00:00:00,170,20-Jul
lin2090187709,2020-01-28 00:00:00,2020-07-16 00:00:00,170,20-Jul
lin1990477419,2019-05-23 00:00:00,2020-07-20 00:00:00,424,20-Jul
lin2090050186,2019-10-25 00:00:00,2020-07-20 00:00:00,269,20-Jul
lin1990661294,2019-08-22 00:00:00,2020-07-17 00:00:00,330,20-Jul
lin2090323978,2020-05-01 00:00:00,2020-07-20 00:00:00,80,20-Jul
lin2090189324,2020-01-28 00:00:00,2020-07-20 00:00:00,174,20-Jul
lin2090187708,2020-01-28 00:00:00,2020-07-20 00:00:00,174,20-Jul
lin2090140911,2019-12-26 00:00:00,2020-07-22 00:00:00,209,20-Jul
lin2090094389,2019-11-22 00:00:00,2020-07-21 00:00:00,242,20-Jul
lin2090187878,2020-01-28 00:00:00,2020-07-21 00:00:00,175,20-Jul
lin2090170473,2020-01-16 00:00:00,2020-07-21 00:00:00,187,20-Jul
lin2090187704,2020-01-28 00:00:00,2020-07-21 00:00:00,175,20-Jul
lin1990649751,2019-08-16 00:00:00,2020-07-22 00:00:00,341,20-Jul
lin2090036550,2019-10-18 00:00:00,2020-07-22 00:00:00,278,20-Jul
lin1990649827,2019-08-16 00:00:00,2020-07-22 00:00:00,341,20-Jul
lin2090187707,2020-01-28 00:00:00,2020-07-22 00:00:00,176,20-Jul
lin2090187683,2020-01-28 00:00:00,2020-07-23 00:00:00,177,20-Jul
lin2090187682,2020-01-28 00:00:00,2020-07-23 00:00:00,177,20-Jul
lin2090187927,2020-01-28 00:00:00,2020-07-23 00:00:00,177,20-Jul
lin2090187680,2020-01-28 00:00:00,2020-07-23 00:00:00,177,20-Jul
lin2090187880,2020-01-28 00:00:00,2020-07-23 00:00:00,177,20-Jul
lin2090187703,2020-01-28 00:00:00,2020-07-23 00:00:00,177,20-Jul
lin2090136653,2019-12-23 00:00:00,2020-07-23 00:00:00,213,20-Jul
lin2090404092,2020-06-22 00:00:00,2020-07-24 00:00:00,32,20-Jul
lin2090187705,2020-01-28 00:00:00,2020-07-23 00:00:00,177,20-Jul
lin2090146011,2019-12-30 00:00:00,2020-07-24 00:00:00,207,20-Jul
lin1990621628,2019-07-30 00:00:00,2020-07-24 00:00:00,360,20-Jul
lin2090146013,2019-12-30 00:00:00,2020-07-24 00:00:00,207,20-Jul
lin2090102188,2019-11-27 00:00:00,2020-07-27 00:00:00,243,20-Jul
lin209013015,2019-12-19 00:00:00,2020-07-27 00:00:00,221,20-Jul
lin2090093642,2019-11-21 00:00:00,2020-07-28 00:00:00,250,20-Jul
lin2090187925,2020-01-28 00:00:00,2020-07-29 00:00:00,183,20-Jul
lin2090187365,2020-01-28 00:00:00,2020-07-29 00:00:00,183,20-Jul
lin2090063530,2019-11-04 00:00:00,2020-07-29 00:00:00,268,20-Jul
lin2090063283,2019-11-04 00:00:00,2020-07-29 00:00:00,268,20-Jul
lin2090191609,2020-01-29 00:00:00,2020-07-30 00:00:00,183,20-Jul
lin2090190330,2020-01-29 00:00:00,2020-07-30 00:00:00,183,20-Jul
lin2090190329,2020-01-29 00:00:00,2020-07-30 00:00:00,183,20-Jul
lin2090190332,2020-01-29 00:00:00,2020-07-30 00:00:00,183,20-Jul
lin2090190329,2020-01-29 00:00:00,2020-07-30 00:00:00,183,20-Jul
lin2090190332,2020-01-29 00:00:00,2020-07-30 00:00:00,183,20-Jul
lin2090175377,2020-01-21 00:00:00,2020-08-05 00:00:00,197,20-Aug
lin1990707551,2019-09-19 00:00:00,2020-08-03 00:00:00,319,20-Aug
lin2090172927,2020-01-17 00:00:00,2020-08-03 00:00:00,199,20-Aug
lin2090172931,2020-01-17 00:00:00,2020-08-04 00:00:00,200,20-Aug
lin2090146021,2019-12-30 00:00:00,2020-08-05 00:00:00,219,20-Aug
lin2090190333,2020-01-29 00:00:00,2020-08-06 00:00:00,190,20-Aug
lin2090191610,2020-01-29 00:00:00,2020-08-06 00:00:00,190,20-Aug
lin2090060880,2019-11-01 00:00:00,2020-08-06 00:00:00,279,20-Aug
lin2090190331,2020-01-29 00:00:00,2020-08-06 00:00:00,190,20-Aug
lin2090191608,2019-03-14 00:00:00,2020-08-06 00:00:00,511,20-Aug
lin2090191527,2020-01-29 00:00:00,2020-08-06 00:00:00,190,20-Aug
lin2090102192,2019-11-27 00:00:00,2020-08-07 00:00:00,254,20-Aug
lin2090184789,2020-01-02 00:00:00,2020-08-07 00:00:00,218,20-Aug
lin2090065920,2019-11-05 00:00:00,2020-08-10 00:00:00,279,20-Aug
lin2090195123,2020-01-31 00:00:00,2020-08-10 00:00:00,192,20-Aug
lin2090420596,2020-06-24 00:00:00,2020-08-10 00:00:00,47,20-Aug
lin2090184851,2020-01-27 00:00:00,2020-08-10 00:00:00,196,20-Aug
lin2090195018,2020-01-31 00:00:00,2020-08-11 00:00:00,193,20-Aug
lin2090045329,2019-10-23 00:00:00,2020-08-11 00:00:00,293,20-Aug
lin2090020532,2019-10-09 00:00:00,2020-08-11 00:00:00,307,20-Aug
lin2090195015,2020-01-31 00:00:00,2020-08-11 00:00:00,193,20-Aug
lin2090102092,2019-11-27 00:00:00,2020-08-11 00:00:00,258,20-Aug
lin2090182312,2020-01-24 00:00:00,2020-08-12 00:00:00,201,20-Aug
lin2090197370,2020-02-03 00:00:00,2020-08-14 00:00:00,193,20-Aug
lin2090195124,2020-01-31 00:00:00,2020-08-13 00:00:00,195,20-Aug
lin2090131051,2019-12-19 00:00:00,2020-08-13 00:00:00,238,20-Aug
lin2090057598,2019-10-31 00:00:00,2020-08-13 00:00:00,287,20-Aug
lin2090182159,2020-01-24 00:00:00,2020-08-14 00:00:00,203,20-Aug
lin2090163922,2020-01-13 00:00:00,2020-08-14 00:00:00,214,20-Aug
lin2090210074,2019-12-27 00:00:00,2020-08-14 00:00:00,231,20-Aug
lin2090072843,2019-11-12 00:00:00,2020-08-17 00:00:00,279,20-Aug
lin2090195319,2020-01-31 00:00:00,2020-08-17 00:00:00,199,20-Aug
lin2090108300,2019-12-04 00:00:00,2020-08-17 00:00:00,257,20-Aug
lin2090107029,2019-11-14 00:00:00,2020-08-17 00:00:00,277,20-Aug
lin2090428262,2020-07-06 00:00:00,2020-08-17 00:00:00,42,20-Aug
lin2090036868,2019-10-18 00:00:00,2020-08-18 00:00:00,305,20-Aug
lin2090104768,2019-11-29 00:00:00,2020-08-18 00:00:00,263,20-Aug
lin2090114699,2019-12-09 00:00:00,2020-08-19 00:00:00,254,20-Aug
lin2090197425,2020-02-03 00:00:00,2020-08-19 00:00:00,198,20-Aug
lin2090182157,2020-01-24 00:00:00,2020-08-19 00:00:00,208,20-Aug
lin2090163540,2020-01-13 00:00:00,2020-08-19 00:00:00,219,20-Aug
lin2090171877,2020-01-17 00:00:00,2020-08-19 00:00:00,215,20-Aug
lin2090173039,2020-01-17 00:00:00,2020-08-19 00:00:00,215,20-Aug
lin2090172928,2020-01-17 00:00:00,2020-08-19 00:00:00,215,20-Aug
lin2090116442,2019-12-09 00:00:00,2020-08-19 00:00:00,254,20-Aug
lin2090173034,2020-01-17 00:00:00,2020-08-19 00:00:00,215,20-Aug
lin2090182160,2020-01-24 00:00:00,2020-08-18 00:00:00,207,20-Aug
lin2090163738,2020-01-13 00:00:00,2020-08-18 00:00:00,218,20-Aug
lin2090182158,2020-01-24 00:00:00,2020-08-19 00:00:00,208,20-Aug
lin2090184849,2020-01-27 00:00:00,2020-08-19 00:00:00,205,20-Aug
lin2090184799,2020-01-27 00:00:00,2020-08-19 00:00:00,205,20-Aug
lin2090182161,2020-01-24 00:00:00,2020-08-19 00:00:00,208,20-Aug
lin1990662818,2019-08-23 00:00:00,2020-08-17 00:00:00,360,20-Aug
lin2090163921,2020-01-13 00:00:00,2020-08-20 00:00:00,220,20-Aug
lin2090163739,2020-01-13 00:00:00,2020-08-20 00:00:00,220,20-Aug
lin2090197372,2020-02-03 00:00:00,2020-08-20 00:00:00,199,20-Aug
lin2090198779,2020-02-03 00:00:00,2020-08-20 00:00:00,199,20-Aug
lin2090198853,2020-02-03 00:00:00,2020-08-20 00:00:00,199,20-Aug
lin2090185989,2020-01-27 00:00:00,2020-08-21 00:00:00,207,20-Aug
lin2090121049,2019-12-11 00:00:00,2020-08-21 00:00:00,254,20-Aug
lin2090198781,2020-02-03 00:00:00,2020-08-21 00:00:00,200,20-Aug
lin2090054686,2019-10-29 00:00:00,2020-08-24 00:00:00,300,20-Aug
lin2090172926,2020-01-17 00:00:00,2020-08-24 00:00:00,220,20-Aug
lin2090134870,2019-12-18 00:00:00,2020-08-25 00:00:00,251,20-Aug
lin2090134383,2019-12-20 00:00:00,2020-08-25 00:00:00,249,20-Aug
lin2090195016,2020-01-31 00:00:00,2020-08-25 00:00:00,207,20-Aug
lin2090217226,2020-02-24 00:00:00,2020-08-26 00:00:00,184,20-Aug
lin2090056621,2019-10-30 00:00:00,2020-08-26 00:00:00,301,20-Aug
lin2090026267,2019-10-10 00:00:00,2020-08-26 00:00:00,321,20-Aug
lin2090197367,2020-02-03 00:00:00,2020-08-26 00:00:00,205,20-Aug
lin2090100028,2019-11-27 00:00:00,2020-08-26 00:00:00,273,20-Aug
lin2090114826,2019-12-09 00:00:00,2020-08-26 00:00:00,261,20-Aug
lin2090134757,2019-12-19 00:00:00,2020-08-26 00:00:00,251,20-Aug
lin2090205441,2020-02-07 00:00:00,2020-08-26 00:00:00,201,20-Aug
lin2090197532,2020-02-03 00:00:00,2020-08-27 00:00:00,206,20-Aug
lin2090170162,2019-12-20 00:00:00,2020-08-27 00:00:00,251,20-Aug
lin2090141238,2019-12-20 00:00:00,2020-08-27 00:00:00,251,20-Aug
lin2090136117,2019-12-23 00:00:00,2020-08-27 00:00:00,248,20-Aug
lin2090198958,2020-02-03 00:00:00,2020-08-28 00:00:00,207,20-Aug
lin2090197529,2020-02-03 00:00:00,2020-08-28 00:00:00,207,20-Aug
lin2090197530,2020-02-03 00:00:00,2020-08-28 00:00:00,207,20-Aug
lin2090198947,2020-02-03 00:00:00,2020-08-28 00:00:00,207,20-Aug
lin2090197426,2020-02-03 00:00:00,2020-08-31 00:00:00,210,20-Aug
lin2090205709,2020-02-07 00:00:00,2020-08-31 00:00:00,206,20-Aug
lin2090197368,2020-02-03 00:00:00,2020-08-31 00:00:00,210,20-Aug
lin2090141229,2019-12-23 00:00:00,2020-08-31 00:00:00,252,20-Aug
lin2090062951,2019-11-04 00:00:00,2020-08-31 00:00:00,301,20-Aug
lin2090197371,2020-02-03 00:00:00,2020-09-01 00:00:00,211,20-Sep
lin2090138481,2019-12-19 00:00:00,2020-09-02 00:00:00,258,20-Sep
lin2090205988,2020-02-07 00:00:00,2020-09-02 00:00:00,208,20-Sep
lin2090207898,2020-02-07 00:00:00,2020-09-02 00:00:00,208,20-Sep
lin2090205717,2020-02-07 00:00:00,2020-09-02 00:00:00,208,20-Sep
lin2090095269,2019-11-25 00:00:00,2020-09-02 00:00:00,282,20-Sep
lin2090175633,2020-01-21 00:00:00,2020-09-02 00:00:00,225,20-Sep
lin2090205660,2020-02-07 00:00:00,2020-09-02 00:00:00,208,20-Sep
lin2090205715,2020-02-07 00:00:00,2020-09-02 00:00:00,208,20-Sep
lin2090198852,2020-02-03 00:00:00,2020-09-01 00:00:00,211,20-Sep
lin2090165074,2020-01-14 00:00:00,2020-09-01 00:00:00,231,20-Sep
lin2090198945,2020-02-03 00:00:00,2020-09-01 00:00:00,211,20-Sep
lin2090140875,2019-12-23 00:00:00,2020-09-01 00:00:00,253,20-Sep
lin2090198948,2020-02-03 00:00:00,2020-09-01 00:00:00,211,20-Sep
lin2090197565,2020-02-03 00:00:00,2020-09-01 00:00:00,211,20-Sep
lin1990671071,2019-08-28 00:00:00,2020-09-01 00:00:00,370,20-Sep
lin2090205920,2020-02-07 00:00:00,2020-09-01 00:00:00,207,20-Sep
lin2090134190,2019-12-20 00:00:00,2020-09-01 00:00:00,256,20-Sep
lin2090147339,2019-12-24 00:00:00,2020-09-03 00:00:00,254,20-Sep
lin2090157239,2020-01-08 00:00:00,2020-09-03 00:00:00,239,20-Sep
lin2090143461,2019-12-23 00:00:00,2020-09-03 00:00:00,255,20-Sep
lin2090144501,2019-12-24 00:00:00,2020-09-03 00:00:00,254,20-Sep
lin2090153989,2020-01-06 00:00:00,2020-09-04 00:00:00,242,20-Sep
lin2090215359,2020-02-13 00:00:00,2020-09-04 00:00:00,204,20-Sep
lin2090153985,2020-01-06 00:00:00,2020-09-04 00:00:00,242,20-Sep
lin2090217478,2020-02-14 00:00:00,2020-09-04 00:00:00,203,20-Sep
lin2090083387,2019-11-15 00:00:00,2020-09-08 00:00:00,298,20-Sep
lin2090095685,2019-11-25 00:00:00,2020-09-08 00:00:00,288,20-Sep
lin2090198946,2020-02-03 00:00:00,2020-09-08 00:00:00,218,20-Sep
lin2090197528,2020-02-03 00:00:00,2020-09-08 00:00:00,218,20-Sep
lin2090207899,2020-02-07 00:00:00,2020-09-08 00:00:00,214,20-Sep
lin2090150902,2020-01-02 00:00:00,2020-09-08 00:00:00,250,20-Sep
lin2090150872,2020-01-02 00:00:00,2020-09-08 00:00:00,250,20-Sep
lin2090215970,2020-02-13 00:00:00,2020-09-09 00:00:00,209,20-Sep
lin2090057601,2019-10-31 00:00:00,2020-09-09 00:00:00,314,20-Sep
lin2090215358,2020-02-13 00:00:00,2020-09-09 00:00:00,209,20-Sep
lin2090151113,2020-01-02 00:00:00,2020-09-09 00:00:00,251,20-Sep
lin2090214327,2020-02-12 00:00:00,2020-09-09 00:00:00,210,20-Sep
lin2090149944,2019-12-31 00:00:00,2020-09-09 00:00:00,253,20-Sep
lin1990630497,2019-08-05 00:00:00,2020-09-09 00:00:00,401,20-Sep
lin2090149101,2019-12-31 00:00:00,2020-09-09 00:00:00,253,20-Sep
lin2090151109,2020-01-02 00:00:00,2020-09-09 00:00:00,251,20-Sep
lin2090214392,2020-02-12 00:00:00,2020-09-09 00:00:00,210,20-Sep
lin2090217266,2020-02-14 00:00:00,2020-09-10 00:00:00,209,20-Sep
lin2090150876,2020-01-02 00:00:00,2020-09-10 00:00:00,252,20-Sep
lin2090217263,2020-02-14 00:00:00,2020-09-10 00:00:00,209,20-Sep
lin2090217340,2020-02-14 00:00:00,2020-09-10 00:00:00,209,20-Sep
lin2090124718,2019-12-16 00:00:00,2020-09-10 00:00:00,269,20-Sep
lin2090124911,2019-12-16 00:00:00,2020-09-10 00:00:00,269,20-Sep
lin2090158967,2020-01-08 00:00:00,2020-09-10 00:00:00,246,20-Sep
lin2090017058,2019-10-07 00:00:00,2020-09-10 00:00:00,339,20-Sep
lin2090217265,2020-02-14 00:00:00,2020-09-10 00:00:00,209,20-Sep
lin1990611516,2019-07-29 00:00:00,2020-09-14 00:00:00,413,20-Sep
lin2090057875,2019-10-31 00:00:00,2020-09-14 00:00:00,319,20-Sep
lin2090163387,2020-01-10 00:00:00,2020-09-14 00:00:00,248,20-Sep
lin2090207901,2020-02-07 00:00:00,2020-09-14 00:00:00,220,20-Sep
lin2090179961,2020-01-22 00:00:00,2020-09-15 00:00:00,237,20-Sep
lin2090163404,2020-01-10 00:00:00,2020-09-15 00:00:00,249,20-Sep
lin2090210073,2020-02-10 00:00:00,2020-09-15 00:00:00,218,20-Sep
lin2090180533,2020-01-21 00:00:00,2020-09-15 00:00:00,238,20-Sep
lin2090083388,2019-11-15 00:00:00,2020-09-15 00:00:00,305,20-Sep
lin2090168091,2020-01-13 00:00:00,2020-09-15 00:00:00,246,20-Sep
lin2090219668,2020-02-18 00:00:00,2020-09-15 00:00:00,210,20-Sep
lin2090197564,2020-02-03 00:00:00,2020-09-15 00:00:00,225,20-Sep
lin2090208465,2020-02-10 00:00:00,2020-09-11 00:00:00,214,20-Sep
lin2090205832,2020-02-07 00:00:00,2020-09-11 00:00:00,217,20-Sep
lin2090168558,2020-01-13 00:00:00,2020-09-16 00:00:00,247,20-Sep
lin2090217100,2020-02-14 00:00:00,2020-09-16 00:00:00,215,20-Sep
lin2090217102,2020-02-14 00:00:00,2020-09-16 00:00:00,215,20-Sep
lin2090217099,2020-02-14 00:00:00,2020-09-16 00:00:00,215,20-Sep
lin2090207902,2020-02-07 00:00:00,2020-09-16 00:00:00,222,20-Sep
lin2090219666,2020-02-18 00:00:00,2020-09-16 00:00:00,211,20-Sep
lin2090149013,2019-12-30 00:00:00,2020-09-16 00:00:00,261,20-Sep
lin2090219664,2020-02-18 00:00:00,2020-09-17 00:00:00,212,20-Sep
lin2090205986,2020-02-07 00:00:00,2020-09-17 00:00:00,223,20-Sep
lin2090205987,2020-02-07 00:00:00,2020-09-17 00:00:00,223,20-Sep
lin2090221320,2020-02-18 00:00:00,2020-09-17 00:00:00,212,20-Sep
lin2090219667,2020-02-18 00:00:00,2020-09-17 00:00:00,212,20-Sep
lin2090149145,2019-12-27 00:00:00,2020-09-17 00:00:00,265,20-Sep
lin2090175248,2020-01-21 00:00:00,2020-09-17 00:00:00,240,20-Sep
lin2090219663,2020-02-18 00:00:00,2020-09-17 00:00:00,212,20-Sep
lin2090221318,2020-02-18 00:00:00,2020-09-18 00:00:00,213,20-Sep
lin2090057605,2019-10-31 00:00:00,2020-09-24 00:00:00,329,20-Sep
lin2090175249,2020-01-21 00:00:00,2020-09-16 00:00:00,239,20-Sep
lin2090217264,2020-02-14 00:00:00,2020-09-17 00:00:00,216,20-Sep
lin2090217259,2020-02-14 00:00:00,2020-09-17 00:00:00,216,20-Sep
lin2090175154,2020-01-21 00:00:00,2020-09-18 00:00:00,241,20-Sep
lin2090210120,2020-02-10 00:00:00,2020-09-22 00:00:00,225,20-Sep
lin2090188584,2020-01-24 00:00:00,2020-09-22 00:00:00,242,20-Sep
lin2090185505,2020-01-24 00:00:00,2020-09-22 00:00:00,242,20-Sep
lin2090057792,2019-10-31 00:00:00,2020-09-22 00:00:00,327,20-Sep
lin2090175632,2020-01-21 00:00:00,2020-09-22 00:00:00,245,20-Sep
lin2090205713,2020-02-07 00:00:00,2020-09-22 00:00:00,228,20-Sep
lin2090205659,2020-02-07 00:00:00,2020-09-22 00:00:00,228,20-Sep
lin2090208463,2020-02-10 00:00:00,2020-09-22 00:00:00,225,20-Sep
lin2090205711,2020-02-07 00:00:00,2020-09-22 00:00:00,228,20-Sep
lin2090208467,2020-02-10 00:00:00,2020-09-23 00:00:00,226,20-Sep
lin2090205718,2020-02-07 00:00:00,2020-09-23 00:00:00,229,20-Sep
lin2090210072,2020-02-10 00:00:00,2020-09-23 00:00:00,226,20-Sep
lin2090175147,2020-01-21 00:00:00,2020-09-23 00:00:00,246,20-Sep
lin2090173035,2020-01-17 00:00:00,2020-09-23 00:00:00,250,20-Sep
lin2090181293,2020-01-23 00:00:00,2020-09-24 00:00:00,245,20-Sep
lin2090180677,2020-01-23 00:00:00,2020-09-24 00:00:00,245,20-Sep
lin2090209574,2020-02-10 00:00:00,2020-09-24 00:00:00,227,20-Sep
lin2090209576,2020-02-10 00:00:00,2020-09-24 00:00:00,227,20-Sep
lin2090178671,2020-01-22 00:00:00,2020-09-24 00:00:00,246,20-Sep
lin1990707404,2019-09-18 00:00:00,2020-09-24 00:00:00,372,20-Sep
lin2090158923,2020-01-09 00:00:00,2020-09-24 00:00:00,259,20-Sep
lin2090209573,2020-02-10 00:00:00,2020-09-24 00:00:00,227,20-Sep
lin2090217194,2020-02-14 00:00:00,2020-09-25 00:00:00,224,20-Sep
lin2090217260,2020-02-14 00:00:00,2020-09-25 00:00:00,224,20-Sep
lin2090208471,2020-02-10 00:00:00,2020-09-25 00:00:00,228,20-Sep
lin2090158846,2020-01-09 00:00:00,2020-09-25 00:00:00,260,20-Sep
lin2090175146,2020-01-21 00:00:00,2020-09-25 00:00:00,248,20-Sep
lin2090217342,2020-02-14 00:00:00,2020-09-25 00:00:00,224,20-Sep
lin2090063532,2019-11-04 00:00:00,2020-09-25 00:00:00,326,20-Sep
lin2090208468,2020-02-10 00:00:00,2020-09-25 00:00:00,228,20-Sep
lin2090158869,2020-01-09 00:00:00,2020-09-28 00:00:00,263,20-Sep
lin2090219665,2020-02-18 00:00:00,2020-09-28 00:00:00,223,20-Sep
lin2090209575,2020-02-10 00:00:00,2020-09-29 00:00:00,232,20-Sep
lin2090172611,2020-01-17 00:00:00,2020-09-29 00:00:00,256,20-Sep
lin2090210099,2020-02-10 00:00:00,2020-09-29 00:00:00,232,20-Sep
lin2090210100,2020-02-10 00:00:00,2020-09-29 00:00:00,232,20-Sep
lin2090175374,2020-01-21 00:00:00,2020-09-29 00:00:00,252,20-Sep
lin2090329542,2020-04-30 00:00:00,2020-09-29 00:00:00,152,20-Sep
lin2090226733,2020-02-20 00:00:00,2020-09-29 00:00:00,222,20-Sep
lin2090110179,2019-12-05 00:00:00,2020-09-29 00:00:00,299,20-Sep
lin2090192776,2020-01-29 00:00:00,2020-09-29 00:00:00,244,20-Sep
lin2090192834,2020-01-29 00:00:00,2020-09-30 00:00:00,245,20-Sep
lin2090131016,2019-12-19 00:00:00,2020-09-30 00:00:00,286,20-Sep
lin2090291375,2020-04-02 00:00:00,2020-09-30 00:00:00,181,20-Sep
lin2090221316,2020-02-18 00:00:00,2020-09-30 00:00:00,225,20-Sep
lin2090217310,2020-02-14 00:00:00,2020-09-30 00:00:00,229,20-Sep
lin2090217344,2020-02-14 00:00:00,2020-09-30 00:00:00,229,20-Sep
lin2090152029,2020-01-03 00:00:00,2020-09-30 00:00:00,271,20-Sep
lin2090216006,2020-02-13 00:00:00,2020-09-29 00:00:00,229,20-Sep
lin2090187486,2020-01-27 00:00:00,2020-09-29 00:00:00,246,20-Sep
lin2090149423,2019-12-30 00:00:00,2020-09-29 00:00:00,274,20-Sep
lin2090208469,2020-02-10 00:00:00,2020-10-01 00:00:00,234,20-Oct
lin2090226757,2020-02-20 00:00:00,2020-10-01 00:00:00,224,20-Oct
lin2090226761,2020-02-20 00:00:00,2020-10-01 00:00:00,224,20-Oct
lin2090226698,2020-02-20 00:00:00,2020-10-01 00:00:00,224,20-Oct
lin2090226759,2020-02-20 00:00:00,2020-10-01 00:00:00,224,20-Oct
lin2090226833,2020-02-20 00:00:00,2020-10-01 00:00:00,224,20-Oct
lin2090226758,2020-02-20 00:00:00,2020-10-01 00:00:00,224,20-Oct
lin2090210119,2020-02-10 00:00:00,2020-10-01 00:00:00,234,20-Oct
lin2090217307,2020-02-14 00:00:00,2020-10-01 00:00:00,230,20-Oct
lin2090226706,2020-02-20 00:00:00,2020-10-01 00:00:00,224,20-Oct
lin2090221317,2020-02-18 00:00:00,2020-10-01 00:00:00,226,20-Oct
lin2090069457,2019-11-07 00:00:00,2020-10-01 00:00:00,329,20-Oct
lin2090210101,2020-02-10 00:00:00,2020-10-01 00:00:00,234,20-Oct
lin2090226760,2020-02-20 00:00:00,2020-10-01 00:00:00,224,20-Oct
lin2090217101,2020-02-14 00:00:00,2020-10-01 00:00:00,230,20-Oct
lin2090149832,2019-12-27 00:00:00,2020-10-02 00:00:00,280,20-Oct
lin2090171801,2020-01-17 00:00:00,2020-10-02 00:00:00,259,20-Oct
lin2090131074,2019-12-19 00:00:00,2020-10-02 00:00:00,288,20-Oct
lin2090063944,2019-11-04 00:00:00,2020-10-02 00:00:00,333,20-Oct
lin2090208455,2020-02-10 00:00:00,2020-10-06 00:00:00,239,20-Oct
lin2090199667,2020-01-31 00:00:00,2020-10-06 00:00:00,249,20-Oct
lin2090207900,2020-02-07 00:00:00,2020-10-05 00:00:00,241,20-Oct
lin2090205831,2020-02-07 00:00:00,2020-10-05 00:00:00,241,20-Oct
lin2090180530,2020-01-23 00:00:00,2020-10-05 00:00:00,256,20-Oct
lin2090158963,2020-01-09 00:00:00,2020-10-05 00:00:00,270,20-Oct
lin1990496813,2019-06-03 00:00:00,2020-10-05 00:00:00,490,20-Oct
lin2090205830,2020-02-07 00:00:00,2020-10-05 00:00:00,241,20-Oct
lin2090216007,2019-10-10 00:00:00,2020-10-05 00:00:00,361,20-Oct
lin2090208454,2020-02-10 00:00:00,2020-10-06 00:00:00,239,20-Oct
lin2090210121,2020-02-10 00:00:00,2020-10-06 00:00:00,239,20-Oct
lin2090228930,2020-02-21 00:00:00,2020-10-07 00:00:00,229,20-Oct
lin2090217193,2020-02-14 00:00:00,2020-10-07 00:00:00,236,20-Oct
lin2090205712,2020-02-07 00:00:00,2020-10-07 00:00:00,243,20-Oct
lin2090202469,2020-02-03 00:00:00,2020-10-07 00:00:00,247,20-Oct
lin2090172615,2020-01-17 00:00:00,2020-10-07 00:00:00,264,20-Oct
lin2090083398,2019-11-15 00:00:00,2020-10-08 00:00:00,328,20-Oct
lin2090228933,2020-02-21 00:00:00,2020-10-08 00:00:00,230,20-Oct
lin2090217311,2020-02-14 00:00:00,2020-10-08 00:00:00,237,20-Oct
lin2090229393,2020-02-21 00:00:00,2020-10-08 00:00:00,230,20-Oct
lin2090057822,2019-10-31 00:00:00,2020-10-08 00:00:00,343,20-Oct
lin2090229395,2020-02-21 00:00:00,2020-10-08 00:00:00,230,20-Oct
lin2090222670,2020-02-19 00:00:00,2020-10-08 00:00:00,232,20-Oct
lin2090228931,2020-02-21 00:00:00,2020-10-08 00:00:00,230,20-Oct
lin2090226734,2020-02-20 00:00:00,2020-10-09 00:00:00,232,20-Oct
lin2090083390,2019-11-15 00:00:00,2020-10-13 00:00:00,333,20-Oct
lin2090216225,2020-02-13 00:00:00,2020-10-13 00:00:00,243,20-Oct
lin2090094457,2019-11-06 00:00:00,2020-10-13 00:00:00,342,20-Oct
lin2090228582,2020-02-21 00:00:00,2020-10-13 00:00:00,235,20-Oct
lin1990180204,2019-12-24 00:00:00,2020-10-13 00:00:00,294,20-Oct
lin1990702801,2019-09-16 00:00:00,2020-10-14 00:00:00,394,20-Oct
lin2090226841,2020-02-20 00:00:00,2020-10-09 00:00:00,232,20-Oct
lin2090237779,2020-02-25 00:00:00,2020-10-09 00:00:00,227,20-Oct
lin2090226842,2020-02-20 00:00:00,2020-10-09 00:00:00,232,20-Oct
lin2090175376,2020-01-21 00:00:00,2020-10-09 00:00:00,262,20-Oct
lin2090237410,2020-02-25 00:00:00,2020-10-09 00:00:00,227,20-Oct
lin2090195320,2020-01-31 00:00:00,2020-10-14 00:00:00,257,20-Oct
lin2090111688,2019-12-06 00:00:00,2020-10-14 00:00:00,313,20-Oct
lin2090222763,2020-02-18 00:00:00,2020-10-14 00:00:00,239,20-Oct
lin2090228584,2020-02-21 00:00:00,2020-10-15 00:00:00,237,20-Oct
lin2090228929,2020-02-21 00:00:00,2020-10-15 00:00:00,237,20-Oct
lin2090229397,2020-02-21 00:00:00,2020-10-15 00:00:00,237,20-Oct
lin2090226175,2020-02-18 00:00:00,2020-10-15 00:00:00,240,20-Oct
lin2090237367,2020-02-25 00:00:00,2020-10-15 00:00:00,233,20-Oct
lin2090196130,2020-01-31 00:00:00,2020-10-15 00:00:00,258,20-Oct
lin2090237777,2020-02-25 00:00:00,2020-10-15 00:00:00,233,20-Oct
lin2090100031,2019-11-27 00:00:00,2020-10-16 00:00:00,324,20-Oct
lin2090224031,2020-02-14 00:00:00,2020-10-16 00:00:00,245,20-Oct
lin2090181047,2020-01-22 00:00:00,2020-10-16 00:00:00,268,20-Oct
lin2090100029,2019-11-27 00:00:00,2020-10-16 00:00:00,324,20-Oct
lin2090218709,2020-02-13 00:00:00,2020-10-19 00:00:00,249,20-Oct
lin2090217243,2020-02-14 00:00:00,2020-10-20 00:00:00,249,20-Oct
lin2090228932,2020-02-21 00:00:00,2020-10-20 00:00:00,242,20-Oct
lin2090237415,2020-02-25 00:00:00,2020-10-20 00:00:00,238,20-Oct
lin2090217475,2020-02-14 00:00:00,2020-10-20 00:00:00,249,20-Oct
lin2090228583,2020-02-21 00:00:00,2020-10-20 00:00:00,242,20-Oct
lin2090217227,2020-02-14 00:00:00,2020-10-20 00:00:00,249,20-Oct
lin2090210071,2020-02-10 00:00:00,2020-10-21 00:00:00,254,20-Oct
lin2090081974,2019-11-14 00:00:00,2020-10-21 00:00:00,342,20-Oct
lin2090217195,2020-02-14 00:00:00,2020-10-21 00:00:00,250,20-Oct
lin2090242085,2020-02-27 00:00:00,2020-10-22 00:00:00,238,20-Oct
lin2090203935,2020-02-05 00:00:00,2020-10-22 00:00:00,260,20-Oct
lin2090242084,2020-02-27 00:00:00,2020-10-22 00:00:00,238,20-Oct
lin2090241765,2020-02-27 00:00:00,2020-10-22 00:00:00,238,20-Oct
lin2090242032,2020-02-27 00:00:00,2020-10-22 00:00:00,238,20-Oct
lin2090057600,2019-10-31 00:00:00,2020-10-22 00:00:00,357,20-Oct
lin2090057791,2019-10-31 00:00:00,2020-10-22 00:00:00,357,20-Oct
lin2090242033,2020-02-27 00:00:00,2020-10-22 00:00:00,238,20-Oct
lin2090239881,2020-02-26 00:00:00,2020-10-22 00:00:00,239,20-Oct
lin2090237778,2020-02-25 00:00:00,2020-10-26 00:00:00,244,20-Oct
lin2090193001,2020-01-30 00:00:00,2020-10-26 00:00:00,270,20-Oct
lin2090237368,2020-02-25 00:00:00,2020-10-27 00:00:00,245,20-Oct
lin2090244669,2020-03-02 00:00:00,2020-10-27 00:00:00,239,20-Oct
lin2090243696,2020-02-28 00:00:00,2020-10-27 00:00:00,242,20-Oct
lin2090214289,2020-02-12 00:00:00,2020-10-27 00:00:00,258,20-Oct
lin2090221322,2020-02-18 00:00:00,2020-10-27 00:00:00,252,20-Oct
lin2090244526,2020-03-02 00:00:00,2020-10-27 00:00:00,239,20-Oct
lin2090214299,2020-02-12 00:00:00,2020-10-27 00:00:00,258,20-Oct
lin2090244529,2020-03-02 00:00:00,2020-10-27 00:00:00,239,20-Oct
lin2090237227,2020-02-25 00:00:00,2020-10-27 00:00:00,245,20-Oct
lin2090237413,2020-02-25 00:00:00,2020-10-27 00:00:00,245,20-Oct
lin2090237409,2020-02-25 00:00:00,2020-10-27 00:00:00,245,20-Oct
lin2090244695,2020-03-02 00:00:00,2020-10-27 00:00:00,239,20-Oct
lin2090228934,2020-02-21 00:00:00,2020-10-27 00:00:00,249,20-Oct
lin2090237366,2020-02-25 00:00:00,2020-10-28 00:00:00,246,20-Oct
lin2090229909,2020-02-20 00:00:00,2020-10-28 00:00:00,251,20-Oct
lin2090246110,2020-03-02 00:00:00,2020-10-28 00:00:00,240,20-Oct
lin2090050214,2019-10-25 00:00:00,2020-10-28 00:00:00,369,20-Oct
lin2090163601,2020-01-13 00:00:00,2020-10-28 00:00:00,289,20-Oct
lin2090246017,2020-03-02 00:00:00,2020-10-29 00:00:00,241,20-Oct
lin2090244287,2020-03-02 00:00:00,2020-10-29 00:00:00,241,20-Oct
lin2090250734,2020-03-05 00:00:00,2020-10-29 00:00:00,238,20-Oct
lin2090243687,2020-02-28 00:00:00,2020-10-29 00:00:00,244,20-Oct
lin2090217267,2020-02-14 00:00:00,2020-10-29 00:00:00,258,20-Oct
lin2090191559,2020-01-28 00:00:00,2020-10-23 00:00:00,269,20-Oct
lin2090244670,2020-03-02 00:00:00,2020-10-27 00:00:00,239,20-Oct
lin2090246111,2020-03-02 00:00:00,2020-10-28 00:00:00,240,20-Oct
lin2090246016,2020-03-02 00:00:00,2020-10-28 00:00:00,240,20-Oct
lin2090208456,2020-02-10 00:00:00,2020-10-29 00:00:00,262,20-Oct
lin2090246102,2020-03-02 00:00:00,2020-10-29 00:00:00,241,20-Oct
lin2090067196,2019-11-01 00:00:00,2020-10-29 00:00:00,363,20-Oct
lin2090067580,2019-11-06 00:00:00,2020-10-29 00:00:00,358,20-Oct
lin2090244286,2020-03-02 00:00:00,2020-10-29 00:00:00,241,20-Oct
lin2090246103,2020-03-02 00:00:00,2020-10-29 00:00:00,241,20-Oct
lin2090239919,2020-02-26 00:00:00,2020-10-29 00:00:00,246,20-Oct
lin2090217343,2020-02-14 00:00:00,2020-10-29 00:00:00,258,20-Oct
lin2090243697,2020-02-28 00:00:00,2020-10-29 00:00:00,244,20-Oct
lin2090244699,2020-03-02 00:00:00,2020-10-29 00:00:00,241,20-Oct
lin2090250761,2020-03-05 00:00:00,2020-10-29 00:00:00,238,20-Oct
lin2090122323,2019-12-13 00:00:00,2020-10-26 00:00:00,318,20-Oct
lin2090063534,2019-11-04 00:00:00,2020-10-30 00:00:00,361,20-Oct
lin2090235707,2020-02-21 00:00:00,2020-10-30 00:00:00,252,20-Oct
lin2090201050,2020-02-04 00:00:00,2020-10-31 00:00:00,270,20-Oct
lin2090056655,2019-10-30 00:00:00,2020-10-31 00:00:00,367,20-Oct
lin2090062985,2019-11-04 00:00:00,2020-10-31 00:00:00,362,20-Oct
lin2090250733,2020-03-05 00:00:00,2020-11-02 00:00:00,242,20-Nov
lin2090244668,2020-03-02 00:00:00,2020-11-02 00:00:00,245,20-Nov
lin2090067578,2020-06-30 00:00:00,2020-11-02 00:00:00,125,20-Nov
lin2090238178,2020-02-24 00:00:00,2020-11-02 00:00:00,252,20-Nov
lin2090219629,2019-11-13 00:00:00,2020-11-02 00:00:00,355,20-Nov
lin2090244528,2020-03-02 00:00:00,2020-11-03 00:00:00,246,20-Nov
lin2090249273,2020-02-25 00:00:00,2020-11-03 00:00:00,252,20-Nov
lin2090250760,2020-03-05 00:00:00,2020-11-03 00:00:00,243,20-Nov
lin2090244697,2020-03-02 00:00:00,2020-11-03 00:00:00,246,20-Nov
lin2090238745,2020-02-25 00:00:00,2020-11-03 00:00:00,252,20-Nov
lin2090244527,2020-03-02 00:00:00,2020-11-03 00:00:00,246,20-Nov
lin2090250762,2020-03-05 00:00:00,2020-11-03 00:00:00,243,20-Nov
lin2090250732,2020-03-05 00:00:00,2020-11-03 00:00:00,243,20-Nov
lin2090217308,2020-02-14 00:00:00,2020-11-03 00:00:00,263,20-Nov
lin2090244698,2020-03-02 00:00:00,2020-11-03 00:00:00,246,20-Nov
lin2090217261,2020-02-14 00:00:00,2020-11-03 00:00:00,263,20-Nov
lin2090250764,2020-03-05 00:00:00,2020-11-04 00:00:00,244,20-Nov
lin2090250763,2020-03-05 00:00:00,2020-11-04 00:00:00,244,20-Nov
lin2090250765,2020-03-05 00:00:00,2020-11-04 00:00:00,244,20-Nov
lin2090218713,2020-02-13 00:00:00,2020-11-03 00:00:00,264,20-Nov
lin2090205716,2020-02-07 00:00:00,2020-11-04 00:00:00,271,20-Nov
lin2090095687,2019-11-25 00:00:00,2020-11-04 00:00:00,345,20-Nov
lin2090241768,2020-02-27 00:00:00,2020-11-04 00:00:00,251,20-Nov
lin2090250768,2020-03-05 00:00:00,2020-11-05 00:00:00,245,20-Nov
lin2090237941,2020-02-24 00:00:00,2020-11-05 00:00:00,255,20-Nov
lin2090235384,2020-02-24 00:00:00,2020-11-05 00:00:00,255,20-Nov
lin2090217341,2020-02-14 00:00:00,2020-11-05 00:00:00,265,20-Nov
lin2090217427,2020-02-14 00:00:00,2020-11-05 00:00:00,265,20-Nov
lin2090252831,2020-03-09 00:00:00,2020-11-06 00:00:00,242,20-Nov
lin2090244667,2020-03-02 00:00:00,2020-11-06 00:00:00,249,20-Nov
lin2090253489,2020-03-09 00:00:00,2020-11-06 00:00:00,242,20-Nov
lin2090247944,2020-03-03 00:00:00,2020-11-06 00:00:00,248,20-Nov
lin2090250766,2020-03-05 00:00:00,2020-11-06 00:00:00,246,20-Nov
lin2090237886,2020-02-24 00:00:00,2020-11-06 00:00:00,256,20-Nov
lin2090241770,2020-02-27 00:00:00,2020-11-06 00:00:00,253,20-Nov
lin2090276080,2020-03-19 00:00:00,2020-11-09 00:00:00,235,20-Nov
lin2090253680,2020-03-09 00:00:00,2020-11-09 00:00:00,245,20-Nov
lin2090253490,2020-03-09 00:00:00,2020-11-09 00:00:00,245,20-Nov
lin2090239918,2020-02-26 00:00:00,2020-11-06 00:00:00,254,20-Nov
lin2090195330,2020-01-31 00:00:00,2020-11-12 00:00:00,286,20-Nov
lin2090230042,2020-02-20 00:00:00,2020-11-12 00:00:00,266,20-Nov
lin2090094827,2019-11-25 00:00:00,2020-11-12 00:00:00,353,20-Nov
lin2090235869,2020-02-24 00:00:00,2020-11-12 00:00:00,262,20-Nov
lin2090252847,2020-03-09 00:00:00,2020-11-12 00:00:00,248,20-Nov
lin2090253505,2020-03-09 00:00:00,2020-11-12 00:00:00,248,20-Nov
lin2090548444,2020-09-01 00:00:00,2020-11-12 00:00:00,72,20-Nov
lin2090239048,2020-02-14 00:00:00,2020-11-13 00:00:00,273,20-Nov
lin2090252830,2020-03-09 00:00:00,2020-11-10 00:00:00,246,20-Nov
lin2090252911,2020-03-09 00:00:00,2020-11-10 00:00:00,246,20-Nov
lin1990630804,2019-08-05 00:00:00,2020-11-10 00:00:00,463,20-Nov
lin2090165068,2020-01-14 00:00:00,2020-11-10 00:00:00,301,20-Nov
lin2090243700,2020-02-28 00:00:00,2020-11-13 00:00:00,259,20-Nov
lin2090549027,2020-09-14 00:00:00,2020-11-13 00:00:00,60,20-Nov
lin2090244696,2020-03-02 00:00:00,2020-11-13 00:00:00,256,20-Nov
lin2090005321,2019-09-30 00:00:00,2020-11-13 00:00:00,410,20-Nov
lin2090293271,2020-03-31 00:00:00,2020-11-16 00:00:00,230,20-Nov
lin2090247942,2020-03-03 00:00:00,2020-11-16 00:00:00,258,20-Nov
lin2090252948,2020-03-09 00:00:00,2020-11-16 00:00:00,252,20-Nov
lin2090241766,2020-02-27 00:00:00,2020-11-16 00:00:00,263,20-Nov
lin2090235684,2020-02-24 00:00:00,2020-11-16 00:00:00,266,20-Nov
lin2090247943,2020-03-03 00:00:00,2020-11-16 00:00:00,258,20-Nov
lin2090253491,2020-03-09 00:00:00,2020-11-16 00:00:00,252,20-Nov
lin2090241767,2020-02-27 00:00:00,2020-11-16 00:00:00,263,20-Nov
lin2090247945,2020-03-03 00:00:00,2020-11-16 00:00:00,258,20-Nov
lin2090267638,2020-03-17 00:00:00,2020-11-17 00:00:00,245,20-Nov
lin2090255866,2020-03-10 00:00:00,2020-11-17 00:00:00,252,20-Nov
lin2090253679,2020-03-09 00:00:00,2020-11-17 00:00:00,253,20-Nov
lin2090253684,2020-03-09 00:00:00,2020-11-17 00:00:00,253,20-Nov
lin2090264218,2020-03-16 00:00:00,2020-11-18 00:00:00,247,20-Nov
lin2090268243,2020-03-17 00:00:00,2020-11-18 00:00:00,246,20-Nov
lin2090264175,2020-03-16 00:00:00,2020-11-18 00:00:00,247,20-Nov
lin1990564479,2019-07-03 00:00:00,2020-11-18 00:00:00,504,20-Nov
lin2090253678,2020-03-09 00:00:00,2020-11-18 00:00:00,254,20-Nov
lin2090253682,2020-03-09 00:00:00,2020-11-19 00:00:00,255,20-Nov
lin2090253681,2020-03-09 00:00:00,2020-11-19 00:00:00,255,20-Nov
lin2090261899,2020-03-13 00:00:00,2020-11-19 00:00:00,251,20-Nov
lin2090261898,2020-03-13 00:00:00,2020-11-17 00:00:00,249,20-Nov
lin2090267257,2020-03-17 00:00:00,2020-11-19 00:00:00,247,20-Nov
lin2090268241,2020-03-17 00:00:00,2020-11-19 00:00:00,247,20-Nov
lin2090095268,2019-11-25 00:00:00,2020-11-19 00:00:00,360,20-Nov
lin2090268001,2020-03-17 00:00:00,2020-11-19 00:00:00,247,20-Nov
lin2090267612,2020-03-17 00:00:00,2020-11-19 00:00:00,247,20-Nov
lin2090268242,2020-03-17 00:00:00,2020-11-19 00:00:00,247,20-Nov
lin2090267255,2020-03-17 00:00:00,2020-11-19 00:00:00,247,20-Nov
lin2090195017,2020-01-31 00:00:00,2020-11-20 00:00:00,294,20-Nov
lin2090264176,2020-03-16 00:00:00,2020-11-20 00:00:00,249,20-Nov
lin2090264219,2020-03-16 00:00:00,2020-11-20 00:00:00,249,20-Nov
lin2090258387,2020-03-11 00:00:00,2020-11-23 00:00:00,257,20-Nov
lin2090267300,2020-03-17 00:00:00,2020-11-23 00:00:00,251,20-Nov
lin2090289301,2020-03-30 00:00:00,2020-11-23 00:00:00,238,20-Nov
lin2090267301,2020-03-17 00:00:00,2020-11-19 00:00:00,247,20-Nov
lin2090264174,2020-03-16 00:00:00,2020-11-24 00:00:00,253,20-Nov
lin2090264172,2020-03-16 00:00:00,2020-11-25 00:00:00,254,20-Nov
lin2090294649,2020-04-06 00:00:00,2020-11-25 00:00:00,233,20-Nov
lin2090146045,2019-12-06 00:00:00,2020-11-25 00:00:00,355,20-Nov
lin2090272301,2020-03-19 00:00:00,2020-11-25 00:00:00,251,20-Nov
lin2090146020,2019-12-30 00:00:00,2020-11-25 00:00:00,331,20-Nov
lin2090063284,2019-11-04 00:00:00,2020-11-25 00:00:00,387,20-Nov
lin2090272176,2020-03-19 00:00:00,2020-11-25 00:00:00,251,20-Nov
lin2090272173,2020-03-19 00:00:00,2020-11-25 00:00:00,251,20-Nov
lin2090252910,2020-03-09 00:00:00,2020-11-24 00:00:00,260,20-Nov
lin2090253683,2019-06-04 00:00:00,2020-11-24 00:00:00,539,20-Nov
lin2090272174,2019-10-08 00:00:00,2020-11-24 00:00:00,413,20-Nov
lin2090290943,2020-03-31 00:00:00,2020-11-30 00:00:00,244,20-Nov
lin2090267258,2020-03-17 00:00:00,2020-11-30 00:00:00,258,20-Nov
lin2090268454,2020-03-17 00:00:00,2020-11-30 00:00:00,258,20-Nov
lin2090272108,2020-03-19 00:00:00,2020-11-30 00:00:00,256,20-Nov
lin2090264220,2020-03-16 00:00:00,2020-12-01 00:00:00,260,20-Dec
lin2090264217,2020-03-16 00:00:00,2020-12-01 00:00:00,260,20-Dec
lin2090257603,2020-03-11 00:00:00,2020-12-01 00:00:00,265,20-Dec
lin2090285066,2020-03-26 00:00:00,2020-12-02 00:00:00,251,20-Dec
lin2090272175,2020-03-19 00:00:00,2020-12-02 00:00:00,258,20-Dec
lin2090285000,2020-03-26 00:00:00,2020-12-02 00:00:00,251,20-Dec
lin2090285002,2020-03-26 00:00:00,2020-12-02 00:00:00,251,20-Dec
lin2090262898,2020-03-13 00:00:00,2020-12-02 00:00:00,264,20-Dec
lin2090278714,2020-03-23 00:00:00,2020-12-02 00:00:00,254,20-Dec
lin2090278713,2020-03-23 00:00:00,2020-12-02 00:00:00,254,20-Dec
lin2090285230,2020-03-26 00:00:00,2020-12-02 00:00:00,251,20-Dec
lin2090284998,2020-03-26 00:00:00,2020-12-03 00:00:00,252,20-Dec
lin2090257626,2020-03-11 00:00:00,2020-12-03 00:00:00,267,20-Dec
lin2090285001,2020-03-26 00:00:00,2020-12-03 00:00:00,252,20-Dec
lin2090272815,2020-03-19 00:00:00,2020-12-03 00:00:00,259,20-Dec
lin2090278716,2020-03-23 00:00:00,2020-12-03 00:00:00,255,20-Dec
lin2090285229,2020-03-26 00:00:00,2020-12-03 00:00:00,252,20-Dec
lin2090284999,2020-03-26 00:00:00,2020-12-03 00:00:00,252,20-Dec
lin2090257627,2020-03-11 00:00:00,2020-12-03 00:00:00,267,20-Dec
lin2090278712,2020-03-23 00:00:00,2020-12-03 00:00:00,255,20-Dec
lin2090205826,2020-02-07 00:00:00,2020-12-07 00:00:00,304,20-Dec
lin2090293206,2020-04-03 00:00:00,2020-12-07 00:00:00,248,20-Dec
lin2090273691,2020-03-20 00:00:00,2020-12-07 00:00:00,262,20-Dec
lin2090272299,2020-03-19 00:00:00,2020-12-04 00:00:00,260,20-Dec
lin2090261900,2020-03-13 00:00:00,2020-12-04 00:00:00,266,20-Dec
lin2090273388,2020-03-19 00:00:00,2020-12-04 00:00:00,260,20-Dec
lin2090297444,2020-04-09 00:00:00,2020-12-04 00:00:00,239,20-Dec
lin2090258334,2020-03-11 00:00:00,2020-12-04 00:00:00,268,20-Dec
lin2090285971,2020-03-27 00:00:00,2020-12-07 00:00:00,255,20-Dec
lin2090252894,2020-03-09 00:00:00,2020-12-07 00:00:00,273,20-Dec
lin2090285968,2020-03-27 00:00:00,2020-12-07 00:00:00,255,20-Dec
lin2090287323,2020-03-30 00:00:00,2020-12-07 00:00:00,252,20-Dec
lin2090293119,2020-04-03 00:00:00,2020-12-07 00:00:00,248,20-Dec
lin2090224403,2020-02-19 00:00:00,2020-12-07 00:00:00,292,20-Dec
lin2090293118,2020-04-03 00:00:00,2020-12-07 00:00:00,248,20-Dec
lin2090285969,2020-01-27 00:00:00,2020-12-07 00:00:00,315,20-Dec
lin2090257601,2020-03-11 00:00:00,2020-12-04 00:00:00,268,20-Dec
lin2090252895,2020-03-09 00:00:00,2020-12-07 00:00:00,273,20-Dec
lin2090287322,2020-03-30 00:00:00,2020-12-08 00:00:00,253,20-Dec
lin2090144579,2019-12-30 00:00:00,2020-12-08 00:00:00,344,20-Dec
lin2090250735,2020-03-05 00:00:00,2020-12-09 00:00:00,279,20-Dec
lin2090252832,2020-03-09 00:00:00,2020-12-09 00:00:00,275,20-Dec
lin2090272300,2020-03-19 00:00:00,2020-12-09 00:00:00,265,20-Dec
lin2090297067,2020-04-09 00:00:00,2020-12-10 00:00:00,245,20-Dec
lin2090241769,2020-02-27 00:00:00,2020-12-10 00:00:00,287,20-Dec
lin 209025073,2020-03-05 00:00:00,2020-12-10 00:00:00,280,20-Dec
lin2090296858,2020-04-08 00:00:00,2020-12-10 00:00:00,246,20-Dec
lin2090278715,2020-03-23 00:00:00,2020-12-10 00:00:00,262,20-Dec
lin2090296856,2020-04-08 00:00:00,2020-12-10 00:00:00,246,20-Dec
lin2090296983,2020-04-08 00:00:00,2020-12-10 00:00:00,246,20-Dec
lin2090258388,2020-03-11 00:00:00,2020-12-10 00:00:00,274,20-Dec
lin2090297066,2020-04-09 00:00:00,2020-12-10 00:00:00,245,20-Dec
lin2090296826,2020-04-09 00:00:00,2020-12-11 00:00:00,246,20-Dec
lin2090307491,2020-04-17 00:00:00,2020-12-16 00:00:00,243,20-Dec
lin2090315749,2020-04-24 00:00:00,2020-12-16 00:00:00,236,20-Dec
lin2090171785,2020-01-17 00:00:00,2020-12-16 00:00:00,334,20-Dec
lin2090286056,2020-03-27 00:00:00,2020-12-08 00:00:00,256,20-Dec
lin2090286150,2020-03-27 00:00:00,2020-12-08 00:00:00,256,20-Dec
lin2090252851,2020-03-09 00:00:00,2020-12-08 00:00:00,274,20-Dec
lin2090287329,2020-03-30 00:00:00,2020-12-08 00:00:00,253,20-Dec
lin2090264173,2020-03-16 00:00:00,2020-12-08 00:00:00,267,20-Dec
lin2090252893,2020-03-09 00:00:00,2020-12-08 00:00:00,274,20-Dec
lin2090286057,2020-03-27 00:00:00,2020-12-08 00:00:00,256,20-Dec
lin2090286151,2020-03-27 00:00:00,2020-12-08 00:00:00,256,20-Dec
lin2090297079,2020-04-09 00:00:00,2020-12-14 00:00:00,249,20-Dec
lin2090295305,2020-04-07 00:00:00,2020-12-14 00:00:00,251,20-Dec
lin2090303654,2020-04-15 00:00:00,2020-12-14 00:00:00,243,20-Dec
lin2090294230,2020-04-07 00:00:00,2020-12-14 00:00:00,251,20-Dec
lin2090304116,2020-04-15 00:00:00,2020-12-14 00:00:00,243,20-Dec
lin2090311045,2020-04-21 00:00:00,2020-12-14 00:00:00,237,20-Dec
lin2090304114,2020-04-15 00:00:00,2020-12-15 00:00:00,244,20-Dec
lin2090304910,2020-04-16 00:00:00,2020-12-17 00:00:00,245,20-Dec
lin2090307494,2020-04-17 00:00:00,2020-12-17 00:00:00,244,20-Dec
lin2090297068,2020-04-09 00:00:00,2020-12-17 00:00:00,252,20-Dec
lin2090307136,2020-04-17 00:00:00,2020-12-17 00:00:00,244,20-Dec
lin2090304911,2020-04-16 00:00:00,2020-12-17 00:00:00,245,20-Dec
lin2090307283,2020-04-17 00:00:00,2020-12-17 00:00:00,244,20-Dec
lin2090272817,2020-03-19 00:00:00,2020-12-17 00:00:00,273,20-Dec
lin2090063281,2019-11-04 00:00:00,2020-12-17 00:00:00,409,20-Dec
lin2090299388,2020-04-13 00:00:00,2020-12-17 00:00:00,248,20-Dec
lin2090267256,2020-03-17 00:00:00,2020-12-14 00:00:00,272,20-Dec
lin2090297726,2020-04-10 00:00:00,2020-12-14 00:00:00,248,20-Dec
lin2090294885,2020-04-07 00:00:00,2020-12-15 00:00:00,252,20-Dec
lin2090307139,2020-04-17 00:00:00,2020-12-15 00:00:00,242,20-Dec
lin2090309254,2020-04-20 00:00:00,2020-12-15 00:00:00,239,20-Dec
lin2090293547,2020-04-06 00:00:00,2020-12-15 00:00:00,253,20-Dec
lin2090301813,2020-04-14 00:00:00,2020-12-15 00:00:00,245,20-Dec
lin2090303451,2020-04-15 00:00:00,2020-12-15 00:00:00,244,20-Dec
lin2090299352,2020-04-13 00:00:00,2020-12-15 00:00:00,246,20-Dec
lin2090304115,2020-04-15 00:00:00,2020-12-15 00:00:00,244,20-Dec
lin2090272106,2020-03-19 00:00:00,2020-12-15 00:00:00,271,20-Dec
lin2090303650,2020-04-15 00:00:00,2020-12-15 00:00:00,244,20-Dec
lin2090252850,2020-03-09 00:00:00,2020-12-17 00:00:00,283,20-Dec
lin2090305766,2020-04-16 00:00:00,2020-12-17 00:00:00,245,20-Dec
lin2090310960,2020-04-21 00:00:00,2020-12-17 00:00:00,240,20-Dec
lin2090297080,2020-04-09 00:00:00,2020-12-10 00:00:00,245,20-Dec
lin2090304120,2020-04-15 00:00:00,2020-12-18 00:00:00,247,20-Dec
lin2090307141,2020-04-17 00:00:00,2020-12-18 00:00:00,245,20-Dec
lin2090298077,2020-04-08 00:00:00,2020-12-18 00:00:00,254,20-Dec
lin2090303947,2020-04-15 00:00:00,2020-12-18 00:00:00,247,20-Dec
lin2090307493,2020-04-17 00:00:00,2020-12-18 00:00:00,245,20-Dec
lin2090252848,2020-03-09 00:00:00,2020-12-18 00:00:00,284,20-Dec
lin2090253458,2020-03-09 00:00:00,2020-12-18 00:00:00,284,20-Dec
lin2090323116,2020-04-30 00:00:00,2020-12-18 00:00:00,232,20-Dec
lin2090310961,2020-04-21 00:00:00,2020-12-18 00:00:00,241,20-Dec
lin2090307137,2020-04-17 00:00:00,2020-12-18 00:00:00,245,20-Dec
lin2090303655,2019-04-16 00:00:00,2020-12-18 00:00:00,612,20-Dec
lin2090307140,2020-04-17 00:00:00,2020-12-18 00:00:00,245,20-Dec
lin2090307138,2020-04-17 00:00:00,2020-12-18 00:00:00,245,20-Dec
lin2090299301,2020-04-13 00:00:00,2020-12-18 00:00:00,249,20-Dec
lin2090158973,2020-01-08 00:00:00,2020-12-28 00:00:00,355,20-Dec
lin2090315819,2020-04-24 00:00:00,2020-12-21 00:00:00,241,20-Dec
lin2090315820,2020-04-24 00:00:00,2020-12-21 00:00:00,241,20-Dec
lin2090311044,2020-04-21 00:00:00,2020-12-21 00:00:00,244,20-Dec
lin2090307492,2020-04-17 00:00:00,2020-12-22 00:00:00,249,20-Dec
lin2090318868,2020-04-28 00:00:00,2020-12-22 00:00:00,238,20-Dec
lin2090315818,2020-04-24 00:00:00,2020-12-22 00:00:00,242,20-Dec
lin2090319809,2020-04-28 00:00:00,2020-12-22 00:00:00,238,20-Dec
lin2090300564,2020-04-13 00:00:00,2020-12-22 00:00:00,253,20-Dec
lin2090209873,2020-02-10 00:00:00,2020-12-21 00:00:00,315,20-Dec
lin2090313542,2020-04-22 00:00:00,2020-12-31 00:00:00,253,20-Dec
lin2090316449,2020-04-24 00:00:00,2020-12-30 00:00:00,250,20-Dec
lin2090294884,2020-04-07 00:00:00,2020-12-30 00:00:00,267,20-Dec
lin2090294883,2020-04-07 00:00:00,2020-12-30 00:00:00,267,20-Dec
lin2090294783,2020-04-07 00:00:00,2020-12-30 00:00:00,267,20-Dec
lin2090296992,2020-04-08 00:00:00,2020-12-30 00:00:00,266,20-Dec
lin2090303653,2020-04-15 00:00:00,2020-12-30 00:00:00,259,20-Dec
lin2090303652,2020-04-15 00:00:00,2020-12-30 00:00:00,259,20-Dec
lin2090315530,2020-04-24 00:00:00,2020-12-30 00:00:00,250,20-Dec
lin2090325791,2020-05-01 00:00:00,2021-01-05 00:00:00,249,21-Jan
lin2090327635,2020-05-04 00:00:00,2021-01-05 00:00:00,246,21-Jan
lin2090327820,2020-05-04 00:00:00,2021-01-05 00:00:00,246,21-Jan
lin2090327676,2020-05-04 00:00:00,2021-01-05 00:00:00,246,21-Jan
lin2090327267,2020-05-04 00:00:00,2021-01-05 00:00:00,246,21-Jan
lin2090349269,2020-05-18 00:00:00,2021-01-05 00:00:00,232,21-Jan
lin2090327821,2020-05-04 00:00:00,2021-01-05 00:00:00,246,21-Jan
lin2090325792,2019-09-06 00:00:00,2021-01-05 00:00:00,487,21-Jan
lin2090325760,2020-05-01 00:00:00,2021-01-05 00:00:00,249,21-Jan
lin2090217477,2020-02-14 00:00:00,2021-01-05 00:00:00,326,21-Jan
lin2090319679,2020-04-28 00:00:00,2021-01-05 00:00:00,252,21-Jan
lin2090299429,2020-04-13 00:00:00,2021-01-05 00:00:00,267,21-Jan
lin2090321227,2020-04-29 00:00:00,2021-01-05 00:00:00,251,21-Jan
lin2090331082,2020-05-06 00:00:00,2021-01-05 00:00:00,244,21-Jan
lin2090305184,2020-04-16 00:00:00,2021-01-04 00:00:00,263,21-Jan
lin 209031976,2020-04-28 00:00:00,2021-01-04 00:00:00,251,21-Jan
lin2090175076,2020-01-21 00:00:00,2021-01-04 00:00:00,349,21-Jan
lin20902 1733,2020-02-14 00:00:00,2021-01-04 00:00:00,325,21-Jan
lin1990513027,2019-06-10 00:00:00,2021-01-04 00:00:00,574,21-Jan
lin2090299363,2020-04-13 00:00:00,2021-01-04 00:00:00,266,21-Jan
lin2090155616,2020-01-07 00:00:00,2021-01-04 00:00:00,363,21-Jan
lin2090305069,2020-04-16 00:00:00,2021-01-04 00:00:00,263,21-Jan
lin2090319681,2020-04-28 00:00:00,2021-01-04 00:00:00,251,21-Jan
lin2090310963,2020-04-21 00:00:00,2021-01-04 00:00:00,258,21-Jan
lin2090131337,2019-12-18 00:00:00,2020-12-29 00:00:00,377,20-Dec
lin2090294881,2020-04-07 00:00:00,2020-12-29 00:00:00,266,20-Dec
lin2090315839,2020-04-24 00:00:00,2020-12-29 00:00:00,249,20-Dec
lin2090327766,2020-05-04 00:00:00,2021-01-06 00:00:00,247,21-Jan
lin2090294888,2020-04-07 00:00:00,2021-01-06 00:00:00,274,21-Jan
lin2090319685,2020-04-28 00:00:00,2021-01-06 00:00:00,253,21-Jan
lin2090327268,2020-05-04 00:00:00,2021-01-06 00:00:00,247,21-Jan
lin2090304140,2020-04-15 00:00:00,2021-01-06 00:00:00,266,21-Jan
lin2090294229,2020-04-07 00:00:00,2021-01-06 00:00:00,274,21-Jan
lin2090299364,2020-04-13 00:00:00,2021-01-06 00:00:00,268,21-Jan
lin2090294625,2020-04-07 00:00:00,2021-01-06 00:00:00,274,21-Jan
lin2090313465,2020-04-21 00:00:00,2021-01-06 00:00:00,260,21-Jan
lin2090294889,2020-04-07 00:00:00,2021-01-06 00:00:00,274,21-Jan
lin2090300563,2020-04-13 00:00:00,2021-01-06 00:00:00,268,21-Jan
lin2090333111,2020-05-07 00:00:00,2021-01-07 00:00:00,245,21-Jan
lin2090327876,2020-05-04 00:00:00,2021-01-07 00:00:00,248,21-Jan
lin2090319686,2020-04-28 00:00:00,2021-01-07 00:00:00,254,21-Jan
lin2090325793,2020-05-01 00:00:00,2021-01-07 00:00:00,251,21-Jan
lin2090300820,2020-04-13 00:00:00,2021-01-07 00:00:00,269,21-Jan
lin2090325794,2020-05-01 00:00:00,2021-01-07 00:00:00,251,21-Jan
lin2090319840,2020-04-28 00:00:00,2021-01-07 00:00:00,254,21-Jan
lin2090335283,2020-05-06 00:00:00,2021-01-07 00:00:00,246,21-Jan
lin2090327316,2020-05-04 00:00:00,2021-01-07 00:00:00,248,21-Jan
lin2090325667,2020-05-01 00:00:00,2021-01-07 00:00:00,251,21-Jan
lin2090323950,2020-05-01 00:00:00,2021-01-07 00:00:00,251,21-Jan
lin2090327681,2020-05-04 00:00:00,2021-01-07 00:00:00,248,21-Jan
lin2090333107,2020-05-07 00:00:00,2021-01-07 00:00:00,245,21-Jan
lin2090323407,2020-04-30 00:00:00,2021-01-07 00:00:00,252,21-Jan
lin2090327314,2020-05-04 00:00:00,2021-01-07 00:00:00,248,21-Jan
lin2090327355,2020-05-04 00:00:00,2021-01-08 00:00:00,249,21-Jan
lin2090300850,2020-04-13 00:00:00,2021-01-08 00:00:00,270,21-Jan
lin2090327677,2020-05-04 00:00:00,2021-01-08 00:00:00,249,21-Jan
lin2090252846,2020-03-09 00:00:00,2021-01-11 00:00:00,308,21-Jan
lin2090300898,2020-04-13 00:00:00,2021-01-11 00:00:00,273,21-Jan
lin2090322776,2020-04-30 00:00:00,2021-01-11 00:00:00,256,21-Jan
lin2090253459,2020-03-09 00:00:00,2021-01-12 00:00:00,309,21-Jan
lin2090319763,2020-04-28 00:00:00,2021-01-12 00:00:00,259,21-Jan
lin2090346827,2020-05-15 00:00:00,2021-01-12 00:00:00,242,21-Jan
lin2090286164,2020-03-27 00:00:00,2021-01-12 00:00:00,291,21-Jan
lin2090318220,2020-04-23 00:00:00,2021-01-12 00:00:00,264,21-Jan
lin2090346784,2020-05-15 00:00:00,2021-01-12 00:00:00,242,21-Jan
lin2090333146,2020-05-07 00:00:00,2021-01-12 00:00:00,250,21-Jan
lin2090342899,2020-05-13 00:00:00,2021-01-12 00:00:00,244,21-Jan
lin2090317687,2020-04-27 00:00:00,2021-01-13 00:00:00,261,21-Jan
lin2090252896,2020-03-09 00:00:00,2021-01-13 00:00:00,310,21-Jan
lin2090331136,2020-05-06 00:00:00,2021-01-13 00:00:00,252,21-Jan
lin2090319992,2020-04-28 00:00:00,2021-01-13 00:00:00,260,21-Jan
lin2090293205,2020-04-03 00:00:00,2021-01-13 00:00:00,285,21-Jan
lin2090342880,2020-05-13 00:00:00,2021-01-13 00:00:00,245,21-Jan
lin2090327313,2020-05-04 00:00:00,2021-01-13 00:00:00,254,21-Jan
lin2090217262,2020-02-14 00:00:00,2021-01-13 00:00:00,334,21-Jan
lin2090327315,2020-05-04 00:00:00,2021-01-13 00:00:00,254,21-Jan
lin2090315451,2020-04-23 00:00:00,2021-01-13 00:00:00,265,21-Jan
lin2090346340,2020-05-12 00:00:00,2021-01-13 00:00:00,246,21-Jan
lin2090340647,2020-05-12 00:00:00,2021-01-13 00:00:00,246,21-Jan
lin2090317778,2020-04-27 00:00:00,2021-01-13 00:00:00,261,21-Jan
lin2090340648,2020-05-12 00:00:00,2021-01-14 00:00:00,247,21-Jan
lin2090338565,2020-05-11 00:00:00,2021-01-14 00:00:00,248,21-Jan
lin2090327304,2020-05-04 00:00:00,2021-01-14 00:00:00,255,21-Jan
lin2090344395,2020-05-14 00:00:00,2021-01-14 00:00:00,245,21-Jan
lin2090131014,2019-12-19 00:00:00,2021-01-14 00:00:00,392,21-Jan
lin2090322777,2020-04-30 00:00:00,2021-01-14 00:00:00,259,21-Jan
lin2090343956,2020-05-12 00:00:00,2021-01-14 00:00:00,247,21-Jan
lin2090342926,2020-05-13 00:00:00,2021-01-14 00:00:00,246,21-Jan
lin2090346826,2020-05-15 00:00:00,2021-01-14 00:00:00,244,21-Jan
lin2090344216,2020-05-14 00:00:00,2021-01-14 00:00:00,245,21-Jan
lin2090307495,2020-04-17 00:00:00,2021-01-14 00:00:00,272,21-Jan
lin2090344414,2020-05-14 00:00:00,2021-01-14 00:00:00,245,21-Jan
lin2090349206,2020-05-18 00:00:00,2021-01-14 00:00:00,241,21-Jan
lin2090344412,2020-05-14 00:00:00,2021-01-14 00:00:00,245,21-Jan
lin2090346509,2020-05-14 00:00:00,2021-01-15 00:00:00,246,21-Jan
lin2090361068,2020-05-26 00:00:00,2021-01-20 00:00:00,239,21-Jan
lin2090351260,2020-05-19 00:00:00,2021-01-20 00:00:00,246,21-Jan
lin2090368844,2020-06-01 00:00:00,2021-01-21 00:00:00,234,21-Jan
lin2090355340,2020-05-21 00:00:00,2021-01-21 00:00:00,245,21-Jan
lin2090361070,2020-05-26 00:00:00,2021-01-21 00:00:00,240,21-Jan
lin2090360115,2020-05-26 00:00:00,2021-01-21 00:00:00,240,21-Jan
lin2090349382,2020-05-18 00:00:00,2021-01-21 00:00:00,248,21-Jan
lin2090370163,2020-06-01 00:00:00,2021-01-21 00:00:00,234,21-Jan
lin2090360577,2020-05-26 00:00:00,2021-01-21 00:00:00,240,21-Jan
lin2090360631,2020-05-26 00:00:00,2021-01-21 00:00:00,240,21-Jan
lin2090349144,2020-05-18 00:00:00,2021-01-21 00:00:00,248,21-Jan
lin2090361176,2020-05-26 00:00:00,2021-01-21 00:00:00,240,21-Jan
lin2090355442,2020-05-21 00:00:00,2021-01-21 00:00:00,245,21-Jan
lin2090360116,2020-05-26 00:00:00,2021-01-21 00:00:00,240,21-Jan
lin2090369909,2020-06-01 00:00:00,2021-01-21 00:00:00,234,21-Jan
lin2090370062,2020-06-01 00:00:00,2021-01-21 00:00:00,234,21-Jan
lin2090226704,2020-02-20 00:00:00,2021-01-22 00:00:00,337,21-Jan
lin2090205714,2020-02-07 00:00:00,2021-01-22 00:00:00,350,21-Jan
lin2090338686,2020-05-11 00:00:00,2021-01-14 00:00:00,248,21-Jan
lin2090353182,2020-05-20 00:00:00,2021-01-19 00:00:00,244,21-Jan
lin2090339102,2020-05-11 00:00:00,2021-01-19 00:00:00,253,21-Jan
lin2090338767,2020-05-11 00:00:00,2021-01-19 00:00:00,253,21-Jan
lin2090355200,2020-05-21 00:00:00,2021-01-19 00:00:00,243,21-Jan
lin2090304909,2020-04-16 00:00:00,2021-01-19 00:00:00,278,21-Jan
lin2090300562,2020-04-13 00:00:00,2021-01-19 00:00:00,281,21-Jan
lin2090361088,2020-05-26 00:00:00,2021-01-20 00:00:00,239,21-Jan
lin2090370161,2020-06-01 00:00:00,2021-01-20 00:00:00,233,21-Jan
lin2090361136,2020-05-26 00:00:00,2021-01-20 00:00:00,239,21-Jan
lin2090361200,2020-05-26 00:00:00,2021-01-20 00:00:00,239,21-Jan
lin2090369076,2020-06-01 00:00:00,2021-01-20 00:00:00,233,21-Jan
lin2090369986,2020-06-01 00:00:00,2021-01-20 00:00:00,233,21-Jan
lin2090369079,2020-06-01 00:00:00,2021-01-20 00:00:00,233,21-Jan
lin2090555041,2020-09-18 00:00:00,2021-01-20 00:00:00,124,21-Jan
lin2090370030,2020-06-01 00:00:00,2021-01-20 00:00:00,233,21-Jan
lin2090368036,2020-05-29 00:00:00,2021-01-20 00:00:00,236,21-Jan
lin2090349047,2020-05-18 00:00:00,2021-01-22 00:00:00,249,21-Jan
lin2090353028,2020-05-20 00:00:00,2021-01-22 00:00:00,247,21-Jan
lin2090352889,2020-05-19 00:00:00,2021-01-22 00:00:00,248,21-Jan
lin2090350836,2020-05-18 00:00:00,2021-01-22 00:00:00,249,21-Jan
lin2090367371,2020-05-29 00:00:00,2021-01-22 00:00:00,238,21-Jan
lin2090321201,2020-04-28 00:00:00,2021-01-23 00:00:00,270,21-Jan
lin2090253503,2020-03-09 00:00:00,2021-01-27 00:00:00,324,21-Jan
lin2090338833,2020-05-11 00:00:00,2021-01-25 00:00:00,259,21-Jan
lin2090379915,2020-06-08 00:00:00,2021-01-25 00:00:00,231,21-Jan
lin2090368035,2020-05-29 00:00:00,2021-01-25 00:00:00,241,21-Jan
lin2090348992,2020-05-18 00:00:00,2021-01-25 00:00:00,252,21-Jan
lin2090349205,2020-05-18 00:00:00,2021-01-26 00:00:00,253,21-Jan
lin2090379885,2020-06-08 00:00:00,2021-01-26 00:00:00,232,21-Jan
lin2090379777,2020-06-08 00:00:00,2021-01-26 00:00:00,232,21-Jan
lin2090368426,2020-05-29 00:00:00,2021-01-26 00:00:00,242,21-Jan
lin2090361137,2020-05-26 00:00:00,2021-01-26 00:00:00,245,21-Jan
lin2090379066,2020-06-08 00:00:00,2021-01-26 00:00:00,232,21-Jan
lin2090379651,2020-06-03 00:00:00,2021-01-26 00:00:00,237,21-Jan
lin2090379096,2020-06-08 00:00:00,2021-01-26 00:00:00,232,21-Jan
lin2090367370,2020-05-29 00:00:00,2021-01-26 00:00:00,242,21-Jan
lin2090353063,2020-05-20 00:00:00,2021-01-26 00:00:00,251,21-Jan
lin2090368655,2020-05-27 00:00:00,2021-01-26 00:00:00,244,21-Jan
lin 209035296,2020-05-20 00:00:00,2021-01-26 00:00:00,251,21-Jan
lin2090378098,2020-06-03 00:00:00,2021-01-26 00:00:00,237,21-Jan
lin2090379713,2020-06-08 00:00:00,2021-01-26 00:00:00,232,21-Jan
lin2090379087,2020-06-08 00:00:00,2021-01-27 00:00:00,233,21-Jan
lin2090376448,2020-06-05 00:00:00,2021-01-27 00:00:00,236,21-Jan
lin2090398384,2020-06-15 00:00:00,2021-01-27 00:00:00,226,21-Jan
lin2090318869,2020-04-28 00:00:00,2021-01-27 00:00:00,274,21-Jan
lin2090376336,2020-06-05 00:00:00,2021-01-27 00:00:00,236,21-Jan
lin2090379716,2020-06-08 00:00:00,2021-01-27 00:00:00,233,21-Jan
lin2090360114,2020-05-26 00:00:00,2021-01-29 00:00:00,248,21-Jan
lin2090369958,2020-06-01 00:00:00,2021-01-29 00:00:00,242,21-Jan
lin2090385343,2020-06-11 00:00:00,2021-01-29 00:00:00,232,21-Jan
lin2090385257,2020-06-11 00:00:00,2021-01-29 00:00:00,232,21-Jan
lin2090379779,2020-06-08 00:00:00,2021-01-29 00:00:00,235,21-Jan
lin2090335767,2020-05-08 00:00:00,2021-01-29 00:00:00,266,21-Jan
lin2090375356,2020-06-04 00:00:00,2021-01-29 00:00:00,239,21-Jan
lin2090315955,2020-04-24 00:00:00,2021-01-29 00:00:00,280,21-Jan
lin2090375241,2020-06-04 00:00:00,2021-01-29 00:00:00,239,21-Jan
lin2090319684,2020-04-28 00:00:00,2021-01-29 00:00:00,276,21-Jan
lin2090293117,2020-04-03 00:00:00,2021-01-29 00:00:00,301,21-Jan
lin2090319952,2020-04-28 00:00:00,2021-01-29 00:00:00,276,21-Jan
lin2090375236,2020-06-04 00:00:00,2021-01-29 00:00:00,239,21-Jan
lin2090370162,2020-06-01 00:00:00,2021-01-29 00:00:00,242,21-Jan
lin2090319680,2020-04-28 00:00:00,2021-01-29 00:00:00,276,21-Jan
lin2090346825,2020-05-15 00:00:00,2021-01-29 00:00:00,259,21-Jan
lin2090318867,2020-04-28 00:00:00,2021-01-29 00:00:00,276,21-Jan
lin2090385313,2020-06-11 00:00:00,2021-01-29 00:00:00,232,21-Jan
lin2090379717,2020-06-08 00:00:00,2021-01-29 00:00:00,235,21-Jan
lin2090369910,2020-06-01 00:00:00,2021-01-30 00:00:00,243,21-Jan
lin2090357246,2020-05-22 00:00:00,2021-01-30 00:00:00,253,21-Jan
lin2090379095,2020-06-08 00:00:00,2021-01-30 00:00:00,236,21-Jan
lin2090357307,2020-05-22 00:00:00,2021-01-30 00:00:00,253,21-Jan
lin2090296885,2020-04-08 00:00:00,2021-01-30 00:00:00,297,21-Jan
lin2090379650,2020-06-08 00:00:00,2021-01-30 00:00:00,236,21-Jan
lin2090357296,2020-05-22 00:00:00,2021-01-30 00:00:00,253,21-Jan
lin2090369957,2020-06-01 00:00:00,2021-01-30 00:00:00,243,21-Jan
lin2090379780,2020-06-08 00:00:00,2021-01-30 00:00:00,236,21-Jan
lin2090357348,2020-05-20 00:00:00,2021-02-01 00:00:00,257,21-Feb
lin2090389003,2020-06-15 00:00:00,2021-02-01 00:00:00,231,21-Feb
lin2090369078,2020-06-01 00:00:00,2021-02-01 00:00:00,245,21-Feb
lin2090352777,2020-05-20 00:00:00,2021-02-01 00:00:00,257,21-Feb
lin2090346828,2020-05-15 00:00:00,2021-02-01 00:00:00,262,21-Feb
lin2090335742,2020-05-08 00:00:00,2021-02-01 00:00:00,269,21-Feb
lin2090270000,2020-03-17 00:00:00,2021-02-01 00:00:00,321,21-Feb
lin2090361062,2020-05-26 00:00:00,2021-02-01 00:00:00,251,21-Feb
lin2090388999,2020-06-15 00:00:00,2021-02-01 00:00:00,231,21-Feb
lin2090389784,2020-06-15 00:00:00,2021-02-01 00:00:00,231,21-Feb
lin2090349266,2020-05-18 00:00:00,2021-02-01 00:00:00,259,21-Feb
lin2090386839,2020-06-12 00:00:00,2021-02-01 00:00:00,234,21-Feb
lin2090401714,2020-06-19 00:00:00,2021-02-01 00:00:00,227,21-Feb
lin2090389002,2020-06-15 00:00:00,2021-02-01 00:00:00,231,21-Feb
lin2090388998,2020-06-15 00:00:00,2021-02-01 00:00:00,231,21-Feb
lin2090377048,2020-06-05 00:00:00,2021-02-01 00:00:00,241,21-Feb
lin2090243685,2020-02-28 00:00:00,2021-02-01 00:00:00,339,21-Feb
lin2090349046,2020-05-18 00:00:00,2021-02-02 00:00:00,260,21-Feb
lin2090122358,2019-12-13 00:00:00,2021-02-02 00:00:00,417,21-Feb
lin2090361087,2020-05-26 00:00:00,2021-02-02 00:00:00,252,21-Feb
lin2090386841,2020-06-12 00:00:00,2021-02-02 00:00:00,235,21-Feb
lin2090386865,2020-06-12 00:00:00,2021-02-02 00:00:00,235,21-Feb
lin2090349171,2020-05-18 00:00:00,2021-02-02 00:00:00,260,21-Feb
lin2090369960,2020-06-01 00:00:00,2021-02-02 00:00:00,246,21-Feb
lin2090399584,2020-06-15 00:00:00,2021-02-02 00:00:00,232,21-Feb
lin2090385314,2020-06-11 00:00:00,2021-02-02 00:00:00,236,21-Feb
lin2090389432,2020-06-15 00:00:00,2021-02-02 00:00:00,232,21-Feb
lin2090375231,2020-06-04 00:00:00,2021-02-02 00:00:00,243,21-Feb
lin2090375187,2020-06-04 00:00:00,2021-02-02 00:00:00,243,21-Feb
lin2090359538,2020-05-19 00:00:00,2021-02-02 00:00:00,259,21-Feb
lin2090175075,2020-01-21 00:00:00,2021-02-02 00:00:00,378,21-Feb
lin2090389536,2020-06-15 00:00:00,2021-02-02 00:00:00,232,21-Feb
lin2090357247,2020-05-22 00:00:00,2021-02-03 00:00:00,257,21-Feb
lin2090398467,2020-06-18 00:00:00,2021-02-03 00:00:00,230,21-Feb
lin2090401715,2020-06-19 00:00:00,2021-02-03 00:00:00,229,21-Feb
lin2090389785,2020-06-15 00:00:00,2021-02-03 00:00:00,233,21-Feb
lin2090398464,2020-06-18 00:00:00,2021-02-03 00:00:00,230,21-Feb
lin2090388949,2020-06-15 00:00:00,2021-02-04 00:00:00,234,21-Feb
lin2090420630,2020-06-24 00:00:00,2021-02-04 00:00:00,225,21-Feb
lin2090339063,2020-05-11 00:00:00,2021-02-04 00:00:00,269,21-Feb
lin2090386840,2020-06-12 00:00:00,2021-02-04 00:00:00,237,21-Feb
lin2090486449,2020-08-06 00:00:00,2021-02-04 00:00:00,182,21-Feb
lin2090333195,2020-05-07 00:00:00,2021-02-04 00:00:00,273,21-Feb
lin2090333075,2020-05-07 00:00:00,2021-02-04 00:00:00,273,21-Feb
lin2090389433,2020-06-15 00:00:00,2021-02-04 00:00:00,234,21-Feb
lin2090517899,2020-08-21 00:00:00,2021-02-04 00:00:00,167,21-Feb
lin2090400117,2020-06-19 00:00:00,2021-02-05 00:00:00,231,21-Feb
lin2090404150,2020-06-22 00:00:00,2021-02-05 00:00:00,228,21-Feb
lin 209040409,2020-06-22 00:00:00,2021-02-05 00:00:00,228,21-Feb
lin2090355175,2020-05-21 00:00:00,2021-02-05 00:00:00,260,21-Feb
lin2090383557,2020-06-10 00:00:00,2021-02-05 00:00:00,240,21-Feb
lin2090409342,2020-06-24 00:00:00,2021-02-05 00:00:00,226,21-Feb
lin2090404146,2020-06-22 00:00:00,2021-02-05 00:00:00,228,21-Feb
lin2090386864,2020-06-12 00:00:00,2021-02-05 00:00:00,238,21-Feb
lin2090379711,2020-06-08 00:00:00,2021-02-06 00:00:00,243,21-Feb
lin2090404148,2020-06-22 00:00:00,2021-02-06 00:00:00,229,21-Feb
lin2090404145,2020-06-22 00:00:00,2021-02-06 00:00:00,229,21-Feb
lin2090404093,2020-06-22 00:00:00,2021-02-06 00:00:00,229,21-Feb
lin2090406513,2020-06-23 00:00:00,2021-02-10 00:00:00,232,21-Feb
lin2090385254,2020-06-11 00:00:00,2021-02-10 00:00:00,244,21-Feb
lin2090389005,2020-06-15 00:00:00,2021-02-10 00:00:00,240,21-Feb
lin2090440417,2020-07-03 00:00:00,2021-02-10 00:00:00,222,21-Feb
lin2090400118,2020-06-19 00:00:00,2021-02-10 00:00:00,236,21-Feb
lin2090364258,2020-05-28 00:00:00,2021-02-11 00:00:00,259,21-Feb
lin2090363243,2020-05-27 00:00:00,2021-02-11 00:00:00,260,21-Feb
lin2090410304,2020-06-24 00:00:00,2021-02-11 00:00:00,232,21-Feb
lin2090410319,2020-06-24 00:00:00,2021-02-11 00:00:00,232,21-Feb
lin2090410321,2020-06-24 00:00:00,2021-02-11 00:00:00,232,21-Feb
lin2090398452,2020-06-18 00:00:00,2021-02-11 00:00:00,238,21-Feb
lin2090356899,2020-05-22 00:00:00,2021-02-11 00:00:00,265,21-Feb
lin2090401718,2020-06-19 00:00:00,2021-02-11 00:00:00,237,21-Feb
lin2090440594,2020-07-03 00:00:00,2021-02-11 00:00:00,223,21-Feb
lin2090386859,2020-06-12 00:00:00,2021-02-11 00:00:00,244,21-Feb
lin2090410307,2020-06-24 00:00:00,2021-02-11 00:00:00,232,21-Feb
lin2090387050,2020-06-12 00:00:00,2021-02-11 00:00:00,244,21-Feb
lin2090369961,2020-06-01 00:00:00,2021-01-28 00:00:00,241,21-Jan
lin2090369959,2020-06-01 00:00:00,2021-01-28 00:00:00,241,21-Jan
lin2090382277,2020-06-05 00:00:00,2021-01-28 00:00:00,237,21-Jan
lin2090376335,2020-06-05 00:00:00,2021-01-28 00:00:00,237,21-Jan
lin2090369985,2020-06-01 00:00:00,2021-01-28 00:00:00,241,21-Jan
lin2090344217,2020-05-14 00:00:00,2021-01-28 00:00:00,259,21-Jan
lin2090364069,2020-05-28 00:00:00,2021-01-28 00:00:00,245,21-Jan
lin2090363240,2020-05-27 00:00:00,2021-01-28 00:00:00,246,21-Jan
lin2090363165,2020-05-27 00:00:00,2021-01-28 00:00:00,246,21-Jan
lin2090338768,2020-05-11 00:00:00,2021-01-29 00:00:00,263,21-Jan
lin2090226731,2020-02-20 00:00:00,2021-02-05 00:00:00,351,21-Feb
lin2090398657,2020-06-18 00:00:00,2021-02-08 00:00:00,235,21-Feb
lin2090398465,2020-06-18 00:00:00,2021-02-08 00:00:00,235,21-Feb
lin2090355407,2020-05-21 00:00:00,2021-02-08 00:00:00,263,21-Feb
lin 209036332,2020-05-22 00:00:00,2021-02-08 00:00:00,262,21-Feb
lin2090382603,2020-06-09 00:00:00,2021-02-08 00:00:00,244,21-Feb
lin2090375240,2020-06-04 00:00:00,2021-02-08 00:00:00,249,21-Feb
lin2090404152,2020-06-22 00:00:00,2021-02-09 00:00:00,232,21-Feb
lin2090404151,2020-06-22 00:00:00,2021-02-09 00:00:00,232,21-Feb
lin2090208466,2020-02-10 00:00:00,2021-02-09 00:00:00,365,21-Feb
lin2090406515,2020-06-23 00:00:00,2021-02-09 00:00:00,231,21-Feb
lin2090441238,2020-07-03 00:00:00,2021-02-09 00:00:00,221,21-Feb
lin2090333096,2020-05-07 00:00:00,2021-02-09 00:00:00,278,21-Feb
lin2090452654,2020-07-01 00:00:00,2021-02-09 00:00:00,223,21-Feb
lin2090357062,2020-05-22 00:00:00,2021-02-09 00:00:00,263,21-Feb
lin2090406517,2020-06-23 00:00:00,2021-02-09 00:00:00,231,21-Feb
lin2090363164,2020-05-27 00:00:00,2021-02-09 00:00:00,258,21-Feb
lin2090363241,2020-05-27 00:00:00,2021-02-09 00:00:00,258,21-Feb
lin2090400116,2020-06-19 00:00:00,2021-02-09 00:00:00,235,21-Feb
lin2090406514,2020-06-23 00:00:00,2021-02-09 00:00:00,231,21-Feb
lin2090410318,2020-06-24 00:00:00,2021-02-09 00:00:00,230,21-Feb
